时间,车型,车名,厂商指导价格范围,月降价幅度,全国月关注,评分,全国月销量,质保,环保标准,油耗,燃油标号
2024年4月,微型车,宝骏KiWi EV,7.78-11.38万,2.40万,,4.64分,1081,质保：暂无数据,环保标准：暂无数据,0,-1
2024年4月,微型车,元宝,2.97-5.19万,1.91万,,,600,质保：暂无数据,环保标准：暂无数据,0,-1
2024年4月,微型车,宏光MINIEV,3.28-9.99万,1.70万,,4.68分,25015,质保：暂无数据,环保标准：暂无数据,0,-1
2024年4月,微型车,五菱Air ev晴空,5.78-6.98万,1.70万,,,213,质保：暂无数据,环保标准：暂无数据,0,-1
2024年4月,微型车,长安Lumin,4.99-6.99万,1.43万,,,12480,质保：暂无数据,环保标准：暂无数据,0,-1
2024年4月,微型车,花仙子,5.99-7.49万,1.37万,,4.53分,2,质保：暂无数据,环保标准：暂无数据,0,-1
2024年4月,微型车,奔奔E-Star,7.99万,1.33万,,,0,质保：暂无数据,环保标准：暂无数据,0,-1
2024年4月,微型车,五菱NanoEV,5.68-6.68万,1.30万,,,213,质保：暂无数据,环保标准：暂无数据,0,-1
2024年4月,微型车,熊猫,2.99-5.39万,1.00万,,,12538,质保：暂无数据,环保标准：暂无数据,0,-1
2024年4月,微型车,风光MINIEV,3.26-5.91万,0.95万,,,595,质保：暂无数据,环保标准：暂无数据,0,-1
2024年4月,微型车,奇瑞无界Pro,8.49-11.09万,0.95万,30460,,13,质保：暂无数据,环保标准：暂无数据,0,-1
2024年4月,微型车,零跑T03,4.99-8.99万,0.95万,,4.71分,7024,质保：暂无数据,环保标准：暂无数据,0,-1
2024年4月,微型车,科莱威CLEVER,6.80万,0.81万,,4.74分,612,质保：暂无数据,环保标准：暂无数据,0,-1
2024年4月,微型车,家宝,3.98-5.69万,0.76万,,,20,质保：暂无数据,环保标准：暂无数据,0,-1
2024年4月,微型车,QQ冰淇淋,2.99-5.75万,0.47万,,,7462,质保：暂无数据,环保标准：暂无数据,0,-1
2024年4月,微型车,五菱微旅车,8.88-9.68万,0.20万,,,0,质保：暂无数据,环保标准：国VI,5,2
2024年4月,小型车,MINI CLUBMAN,27.83-34.96万,4.83万,30957,4.64分,0,质保：三年或10万公里，两年不限公里,环保标准：国VI，欧V，欧IV,4,10
2024年4月,小型车,MINI,19.98-37.88万,4.63万,77042,4.46分,0,质保：两年不限公里，三年或10万公里,环保标准：欧IV，国VI，欧V，国V,5,10
2024年4月,小型车,Polo,9.09-12.49万,2.90万,821283,4.49分,2918,质保：三年或10万公里，两年或6万公里，2年或6万公里,环保标准：国VI，国V，国IV+OBD，国IV(国V)，欧III，国IV,4,6
2024年4月,小型车,LIFE,9.78-11.28万,2.80万,,4.51分,270,质保：三年或10万公里,环保标准：国VI,4,2
2024年4月,小型车,欧拉好猫,10.58-16.58万,2.20万,,4.84分,6621,质保：暂无数据,环保标准：暂无数据,0,-1
2024年4月,小型车,欧拉好猫GT,11.98-15.38万,2.20万,,,0,质保：暂无数据,环保标准：暂无数据,0,-1
2024年4月,小型车,悦纳,7.28-9.68万,2.10万,203479,4.25分,1,质保：三年或10万公里,环保标准：国VI，国V,4,2
2024年4月,小型车,YARiS L 致享,8.78-9.38万,2.00万,168599,4.73分,0,质保：三年或10万公里，3年或10万公里,环保标准：国VI，国V,4,2
2024年4月,小型车,威驰FS,8.58-9.28万,2.00万,114983,4.78分,3,质保：三年或10万公里,环保标准：国VI，国V,4,2
2024年4月,小型车,威驰,7.38-9.48万,2.00万,302441,4.59分,1,质保：两年或5万公里，三年或10万公里，2年或5万公里,环保标准：欧IV，欧III，国V，国IV(国V)，国VI,4,2
2024年4月,小型车,YARiS L 致炫,8.58-10.38万,2.00万,210292,4.69分,1,质保：三年或10万公里,环保标准：国VI，国IV(国V)，国V,4,2
2024年4月,小型车,飞度,8.18-10.88万,1.90万,766848,4.22分,3115,质保：三年或10万公里，2年或6万公里,环保标准：国V，国VI，国IV(国V)，欧IV,4,2
2024年4月,小型车,焕驰,6.69-7.09万,1.20万,1947,3.75分,48,质保：三年或10万公里,环保标准：国VI，国V,4,2
2024年4月,小型车,海鸥,6.98-8.58万,1.14万,,,41012,质保：暂无数据,环保标准：暂无数据,0,-1
2024年4月,小型车,五菱缤果,5.98-8.88万,0.98万,,,27458,质保：暂无数据,环保标准：暂无数据,0,-1
2024年4月,小型车,海豚,9.98-13.98万,0.95万,,4.77分,26814,质保：暂无数据,环保标准：暂无数据,0,-1
2024年4月,紧凑型车,奔驰A级AMG,39.98-41.13万,11.48万,,4.44分,0,质保：三年不限公里,环保标准：国VI,5,8
2024年4月,紧凑型车,奔驰B级,26.98-28.38万,11.01万,65107,4.44分,0,质保：三年不限公里，两年不限公里,环保标准：欧V，国VI，欧IV,4,8
2024年4月,紧凑型车,奔驰A级AMG(进口),39.57-58.37万,10.22万,40706,4.4分,0,质保：三年不限公里,环保标准：国VI，国V，国IV(国V),5,8
2024年4月,紧凑型车,起亚K3新能源,22.98-25.98万,10.00万,,,0,质保：三年或10万公里,环保标准：国VI,2,2
2024年4月,紧凑型车,宝马1系,20.89-24.99万,9.90万,382877,4.36分,18,质保：三年或10万公里,环保标准：国VI，国V,4,8
2024年4月,紧凑型车,奔驰A级,21.48-27.57万,9.70万,,4.31分,2574,质保：三年不限公里,环保标准：国VI,4,8
2024年4月,紧凑型车,奔驰CLA AMG,44.98-63.62万,9.63万,31156,4.23分,0,质保：三年不限公里,环保标准：国VI，欧V,5,8
2024年4月,紧凑型车,宝马2系,27.29-41.98万,9.46万,90270,4.52分,0,质保：三年或10万公里，3年或不限里程,环保标准：欧V，国VI，欧VI,4,8
2024年4月,紧凑型车,奔驰CLA,30.28-39.58万,9.15万,305248,,0,质保：三年不限公里,环保标准：国VI，欧V,4,8
2024年4月,紧凑型车,奔驰A级(进口),26.38-27.38万,8.53万,136807,,0,质保：三年不限公里，两年不限公里,环保标准：欧V，国VI，欧IV,4,8
2024年4月,紧凑型车,雷凌双擎E+,20.38-21.88万,8.33万,,4.76分,0,质保：三年或10万公里,环保标准：国VI,2,2
2024年4月,紧凑型车,畅巡,18.29-19.79万,8.22万,,4.79分,77,质保：暂无数据,环保标准：暂无数据,0,-1
2024年4月,紧凑型车,奥迪A3,20.31-25.13万,7.44万,694776,4.35分,6205,质保：三年或10万公里,环保标准：国V，国VI，国IV(国V),4,8
2024年4月,紧凑型车,卡罗拉双擎E+,20.78-23.08万,7.10万,,4.72分,0,质保：三年或10万公里,环保标准：国VI,2,2
2024年4月,紧凑型车,名爵6新能源,14.28-19.98万,6.50万,,4.81分,0,质保：三年或10万公里,环保标准：国VI，国V,2,2
2024年4月,紧凑型车,沃兰多,13.69-15.99万,6.32万,,4.75分,0,质保：三年或10万公里,环保标准：国VI，国V,4,2
2024年4月,紧凑型车,绎乐,16.78-18.98万,6.10万,,,0,质保：暂无数据,环保标准：暂无数据,0,-1
2024年4月,紧凑型车,菲斯塔纯电动,17.38-19.88万,6.00万,,,0,质保：暂无数据,环保标准：暂无数据,0,-1
2024年4月,紧凑型车,吉利几何A,14.38-20.78万,5.90万,,4.75分,1756,质保：暂无数据,环保标准：暂无数据,0,-1
2024年4月,紧凑型车,大众ID.3,16.29-19.29万,5.50万,,4.7分,6003,质保：暂无数据,环保标准：暂无数据,0,-1
2024年4月,紧凑型车,微蓝6,11.28-16.89万,5.40万,,4.71分,7538,质保：三年或10万公里,环保标准：国VI,2,2
2024年4月,紧凑型车,帝豪新能源,15.98-16.98万,5.40万,,,266,质保：三年或12万公里，一年或15万公里,环保标准：国V,2,2
2024年4月,紧凑型车,比亚迪e3,15.48-15.58万,5.38万,,4.78分,277,质保：暂无数据,环保标准：暂无数据,0,-1
2024年4月,紧凑型车,威朗,12.89-15.89万,5.30万,429139,4.51分,5829,质保：三年或10万公里,环保标准：国V，国VI,4,2
2024年4月,紧凑型车,享域,10.98-16.99万,5.00万,,3.92分,0,质保：三年或10万公里,环保标准：国VI，国V,3,2
2024年4月,紧凑型车,凌派,10.98-16.98万,4.90万,500922,4.02分,37,质保：三年或10万公里,环保标准：国VI，国IV(国V)，国V,4,2
2024年4月,紧凑型车,朗逸,8.00-15.19万,4.90万,1288649,4.06分,21117,质保：三年或10万公里，两年或6万公里,环保标准：国V，国IV，国VI，国IV(国V)，国IV+OBD,4,10
2024年4月,紧凑型车,速腾,12.79-17.29万,4.69万,825042,4分,14572,质保：三年或10万公里，两年或6万公里，2年或6万公里，3年或10万公里,环保标准：国IV(国V)，国VI，国IV+OBD，国V，欧IV，欧III,5,10
2024年4月,紧凑型车,型格,12.99-18.69万,4.60万,,4.66分,6642,质保：三年或10万公里,环保标准：国VI,0,2
2024年4月,紧凑型车,蓝鸟,12.59-13.39万,4.59万,324668,3.81分,0,质保：三年或10万公里,环保标准：国V，国VI,4,2
2024年4月,紧凑型车,桑塔纳,8.79-11.28万,4.54万,616689,4.14分,0,质保：三年或10万公里,环保标准：国V，国IV(国V)，国VI,4,6
2024年4月,紧凑型车,宝来,9.88-15.70万,4.50万,765006,3.83分,6753,质保：三年或10万公里，两年或6万公里,环保标准：国VI，国IV(国V)，国IV+OBD，国V,4,10
2024年4月,紧凑型车,凌渡,14.39-19.09万,4.35万,970539,4.34分,4772,质保：三年或10万公里,环保标准：国V，国VI,4,8
2024年4月,紧凑型车,思域,12.99-18.79万,4.20万,1526335,3.87分,11837,质保：两年或6万公里，三年或10万公里,环保标准：国IV，国VI，国IV(国V)，国V，欧III,4,6
2024年4月,紧凑型车,亚洲狮,14.18-17.98万,3.90万,,4.74分,141,质保：三年或10万公里,环保标准：国VI,4,2
2024年4月,紧凑型车,东风风神E70,13.27-15.38万,3.90万,,,1124,质保：暂无数据,环保标准：暂无数据,0,-1
2024年4月,紧凑型车,广汽丰田iA5,15.98-19.28万,3.90万,,4.78分,0,质保：暂无数据,环保标准：暂无数据,0,-1
2024年4月,紧凑型车,科鲁泽,9.49-10.89万,3.80万,,4.7分,2750,质保：三年或10万公里,环保标准：国VI,3,2
2024年4月,紧凑型车,秦新能源,6.49-17.48万,3.70万,18843,4.75分,1093,质保：六年或15万公里，待查，四年或10万公里，三年或10万公里,环保标准：国IV(国V)，国VI，国V,2,2
2024年4月,紧凑型车,凌尚,13.98-16.98万,3.50万,,4.85分,390,质保：三年或10万公里,环保标准：国VI,4,2
2024年4月,紧凑型车,轩逸,10.86-17.49万,3.50万,820191,4.36分,24270,质保：三年或10万公里，两年或6万公里，五年或15万公里，3年或10万公里,环保标准：国V，欧III，国VI，国IV(国V)，欧IV，欧IV+OBD,4,2
2024年4月,紧凑型车,明锐,10.99-15.49万,3.50万,1690,4.28分,82,质保：两年或6万公里，三年或10万公里，2年或6万公里,环保标准：国IV，国V，国VI，国III，国IV(国V),5,6
2024年4月,紧凑型车,凯越,8.39-9.99万,3.50万,127228,4.55分,0,质保：两年或6万公里，2年或6万公里，三年或10万公里,环保标准：欧III，欧IV，国VI，国V，国IV(国V),5,2
2024年4月,紧凑型车,北京EU5,12.99-17.19万,3.21万,,4.7分,0,质保：暂无数据,环保标准：暂无数据,0,-1
2024年4月,紧凑型车,伊兰特,9.98-14.98万,3.20万,274,4.76分,7543,质保：三年或10万公里，两年或6万公里，2年或6万公里，待查,环保标准：国VI，国III，欧III，国IV,4,2
2024年4月,紧凑型车,卡罗拉,11.68-15.58万,3.10万,881638,4.42分,4320,质保：三年或10万公里，两年或5万公里,环保标准：国V，国VI，国IV(国V)，国IV,4,2
2024年4月,紧凑型车,启辰D60EV,13.98-15.81万,3.00万,,4.81分,625,质保：暂无数据,环保标准：暂无数据,0,-1
2024年4月,紧凑型车,高尔夫,12.98-22.98万,3.00万,439110,4.28分,3455,质保：两年或6万公里，三年或10万公里，2年或6万公里，1年或不限里程，1年或4万公里,环保标准：国IV，国VI，国V，国IV+OBD，国IV(国V)，欧IV，欧III,4,10
2024年4月,紧凑型车,长安UNI-V 智电iDD,11.49-15.99万,2.90万,,,40,质保：暂无数据,环保标准：国VI,1,2
2024年4月,紧凑型车,雷凌,11.38-14.88万,2.90万,360311,4.67分,6093,质保：三年或10万公里,环保标准：国V，国VI，国IV(国V),4,2
2024年4月,紧凑型车,驱逐舰05,7.98-15.78万,2.90万,,4.75分,20363,质保：六年或15万公里,环保标准：国VI,0,2
2024年4月,紧凑型车,起亚K3,11.29-14.39万,2.90万,282135,4.51分,1363,质保：三年或10万公里,环保标准：国VI，国IV(国V),4,2
2024年4月,紧凑型车,昕锐,9.99万,2.80万,182023,3.94分,0,质保：三年或10万公里,环保标准：国IV(国V)，国V，国VI,4,2
2024年4月,紧凑型车,菲斯塔,13.88-15.48万,2.60万,,4.25分,133,质保：三年或10万公里,环保标准：国VI，国V,4,2
2024年4月,紧凑型车,福瑞迪,8.08-10.48万,2.58万,29599,3.99分,1615,质保：三年或10万公里，三年或5万公里,环保标准：国V，国IV(国V)，国VI，国IV,4,2
2024年4月,紧凑型车,思域(进口),42.00万,2.50万,2762,,0,质保：暂无数据,环保标准：国VI,0,6
2024年4月,紧凑型车,名爵6,10.98-13.98万,2.50万,31658,4.45分,49,质保：三年或10万公里，三年或6万公里，3年或10万公里,环保标准：国VI，国IV+OBD，国V，国IV(国V),4,2
2024年4月,紧凑型车,北京EU5 PLUS,12.99-18.59万,2.50万,,,0,质保：暂无数据,环保标准：暂无数据,0,-1
2024年4月,紧凑型车,艾瑞泽GX,8.59-9.19万,2.49万,,4.6分,0,质保：三年或10万公里,环保标准：国VI，国V,5,2
2024年4月,紧凑型车,秦Pro新能源,13.69-20.49万,2.40万,,4.67分,0,质保：六年或15万公里，待查,环保标准：国V，国VI,2,2
2024年4月,紧凑型车,景逸S50,6.99-7.99万,2.39万,86418,,0,质保：八年或16万公里，五年或10万公里,环保标准：国V，国VI，国IV(国V),5,2
2024年4月,紧凑型车,MG4 EV,13.98-18.68万,2.30万,,,271,质保：暂无数据,环保标准：暂无数据,0,-1
2024年4月,紧凑型车,逸动,7.29-10.39万,2.10万,20403,4.65分,8623,质保：三年或10万公里，四年或10万公里，三年或6万公里,环保标准：国V，国VI，国IV(国V)，国IV,4,2
2024年4月,紧凑型车,影豹,10.80-15.80万,2.00万,,4.66分,1614,质保：三年或10万公里,环保标准：国VI,4,6
2024年4月,紧凑型车,帝豪L HiP,8.98-16.88万,2.00万,,4.87分,663,质保：四年或10万公里，六年或15万公里,环保标准：国VI,0,2
2024年4月,紧凑型车,悦动,8.49-11.59万,2.00万,255793,,0,质保：三年或10万公里，两年或6万公里,环保标准：国IV(国V)，国VI，国V，国IV，国Ⅳ,4,2
2024年4月,紧凑型车,领克03,13.78-42.03万,1.90万,,4.65分,4113,质保：四年或10万公里,环保标准：国VI，国V,4,10
2024年4月,紧凑型车,福克斯,11.98-14.58万,1.90万,269696,4.59分,1,质保：三年或10万公里，两年或4万公里，2年或4万公里,环保标准：国IV，国VI，国V，国III,4,2
2024年4月,紧凑型车,北京U5,6.99-9.99万,1.90万,,,0,质保：五年或10万公里,环保标准：国V，国VI,4,2
2024年4月,紧凑型车,捷达VA3,6.58-9.48万,1.90万,,4.57分,4534,质保：三年或10万公里,环保标准：国VI,4,2
2024年4月,紧凑型车,思皓曜,9.88-19.68万,1.90万,,,0,质保：三年或10万公里,环保标准：国VI,0,2
2024年4月,紧凑型车,MG5天蝎座,10.29-10.99万,1.71万,,4.6分,0,质保：三年或10万公里,环保标准：国VI,4,2
2024年4月,紧凑型车,锐程PLUS,9.99-12.29万,1.71万,,,721,质保：三年或10万公里,环保标准：国VI,0,2
2024年4月,紧凑型车,荣威i6 MAX,10.98-12.58万,1.52万,,4.76分,0,质保：三年或10万公里,环保标准：国VI,4,2
2024年4月,紧凑型车,逸动新能源,14.99-15.99万,1.52万,,4.68分,942,质保：三年或10万公里，三年或6万公里,环保标准：国V,2,2
2024年4月,紧凑型车,锐程CC,9.79-11.29万,1.52万,,4.45分,0,质保：三年或10万公里,环保标准：国VI,4,2
2024年4月,紧凑型车,领克02 Hatchback,15.08-18.18万,1.52万,,4.58分,0,质保：四年或10万公里,环保标准：国VI,4,8
2024年4月,紧凑型车,荣威i5,6.89-9.09万,1.50万,,4.52分,3133,质保：三年或10万公里，四年或15万公里,环保标准：国V，国VI,4,2
2024年4月,紧凑型车,马自达3 昂克赛拉,8.99-18.99万,1.43万,443400,4.55分,2261,质保：三年或10万公里,环保标准：国VI，国V，国IV(国V),4,6
2024年4月,紧凑型车,MG5,6.79-9.99万,1.43万,12508,4.68分,2707,质保：三年或10万公里，3年或10万公里,环保标准：国VI，国IV(国V),4,2
2024年4月,紧凑型车,逸动DT,5.79-7.39万,1.43万,,4.55分,0,质保：三年或10万公里,环保标准：国V，国VI,4,2
2024年4月,紧凑型车,逸达,8.39-10.79万,1.33万,,,543,质保：三年或10万公里,环保标准：国VI,0,2
2024年4月,紧凑型车,星瑞,10.87-14.97万,1.30万,,4.56分,13596,质保：四年或10万公里,环保标准：国VI,4,10
2024年4月,紧凑型车,荣威Ei5,15.28-16.68万,1.30万,,4.75分,819,质保：暂无数据,环保标准：暂无数据,0,-1
2024年4月,紧凑型车,帝豪,6.99-12.98万,1.20万,78214,4.63分,9598,质保：四年或10万公里，四年或15万公里,环保标准：国V，国VI,4,2
2024年4月,紧凑型车,缤瑞,7.58-10.98万,1.20万,,4.73分,3372,质保：四年或10万公里,环保标准：国VI，国V,3,2
2024年4月,紧凑型车,启辰D60,8.88-9.98万,1.14万,53665,4.68分,663,质保：三年或10万公里,环保标准：国V，国VI,4,2
2024年4月,紧凑型车,艾瑞泽8,9.99-14.69万,1.00万,,,7916,质保：三年或10万公里,环保标准：国VI,0,2
2024年4月,紧凑型车,艾瑞泽5 PLUS,7.49-11.99万,1.00万,,,0,质保：三年或10万公里,环保标准：国VI,4,2
2024年4月,紧凑型车,欧拉芭蕾猫,14.98-17.98万,0.98万,,,132,质保：暂无数据,环保标准：暂无数据,0,-1
2024年4月,中型车,奥迪RS 4,82.88万,16.48万,,,0,质保：三年或10万公里,环保标准：国VI，国V,5,8
2024年4月,中型车,奥迪RS 5,85.28-87.48万,16.35万,42311,,0,质保：三年或10万公里,环保标准：国VI，国IV(国V),6,8
2024年4月,中型车,奔驰C级AMG,57.38-116.08万,15.56万,54677,4.32分,0,质保：三年不限公里,环保标准：欧VI，国VI，欧IV,5,11
2024年4月,中型车,宝马i3,35.39-41.39万,14.84万,,4.74分,0,质保：暂无数据,环保标准：暂无数据,0,-1
2024年4月,中型车,奥迪A4L,30.58-39.98万,13.10万,1398126,4.31分,0,质保：三年或10万公里，两年不限公里,环保标准：国V，国VI，国IV+OBD，国IV(国V)，国IV,4,8
2024年4月,中型车,捷豹XEL,29.98-34.18万,13.08万,,4.54分,0,质保：三年或10万公里,环保标准：国VI，国V,4,8
2024年4月,中型车,奥迪A5,37.18-49.88万,12.98万,643232,4.56分,0,质保：三年或10万公里，两年不限公里,环保标准：国V，欧IV+OBD，国VI，欧IV,5,8
2024年4月,中型车,宝马M3,86.39-91.39万,12.64万,39437,,0,质保：三年或10万公里，两年不限公里,环保标准：欧IV，欧VI，国VI,6,8
2024年4月,中型车,奔驰C级(进口),35.54-39.28万,11.90万,190546,4.27分,0,质保：三年不限公里，两年不限公里，待查,环保标准：欧V，国VI，欧IV，欧Ⅳ,5,8
2024年4月,中型车,奥迪S5,63.18-70.88万,11.18万,36894,4.58分,0,质保：三年或10万公里，3年或10万公里，两年不限公里,环保标准：国VI，欧IV+OBD，国V,5,8
2024年4月,中型车,英菲尼迪Q50L,26.48-38.98万,11.09万,147305,4.57分,0,质保：四年或10万公里,环保标准：欧V，国VI，国V,5,8
2024年4月,中型车,奥迪A4(进口),35.98-44.68万,10.90万,42237,4.47分,0,质保：三年或10万公里，两年不限公里,环保标准：国VI，国IV+OBD，欧V，欧IV,5,10
2024年4月,中型车,宝马3系,29.99-39.99万,10.81万,981944,4.41分,0,质保：两年不限公里，三年或10万公里，2年或不限里程,环保标准：欧IV，国VI，国IV(国V)，国V，欧III,4,8
2024年4月,中型车,宝马i4,42.99-54.99万,10.39万,,,0,质保：暂无数据,环保标准：暂无数据,0,-1
2024年4月,中型车,奥迪S4,48.88-52.18万,9.81万,3659,4.22分,0,质保：三年或10万公里,环保标准：国VI，国V,5,8
2024年4月,中型车,宝马M4,89.39-105.88万,9.73万,52173,4.42分,0,质保：三年或10万公里,环保标准：欧VI，国VI,5,8
2024年4月,中型车,奔驰C级,33.23-38.06万,9.60万,817630,4.13分,0,质保：三年不限公里,环保标准：国VI，欧V，欧IV，欧Ⅳ,5,8
2024年4月,中型车,红旗E-QM5,16.58-23.98万,9.30万,,4.51分,0,质保：暂无数据,环保标准：暂无数据,0,-1
2024年4月,中型车,雪铁龙C6,22.68-23.68万,7.90万,98592,4.7分,0,质保：三年或10万公里,环保标准：国V，国VI,4,10
2024年4月,中型车,凯迪拉克CT5,28.97-36.17万,7.90万,,4.65分,0,质保：三年不限公里,环保标准：国VI,5,8
2024年4月,中型车,沃尔沃S60新能源,39.99-46.19万,7.80万,,4.58分,0,质保：三年不限公里,环保标准：国VI，国V,2,8
2024年4月,中型车,沃尔沃S60,29.69-38.49万,7.10万,186517,4.74分,0,质保：三年不限公里,环保标准：国VI，国V，国IV(国V),4,8
2024年4月,中型车,君威,15.98-24.98万,7.00万,1265933,4.43分,0,质保：两年或6万公里，三年或10万公里，2年或6万公里,环保标准：国IV，国V，国IV(国V)，国VI，国III+OBD，欧III,5,4
2024年4月,中型车,迈腾GTE插电混动,23.79-25.29万,7.00万,,,0,质保：三年或10万公里,环保标准：国VI,2,8
2024年4月,中型车,君越,17.99-28.98万,7.00万,537387,4.35分,0,质保：三年或10万公里，两年或6万公里，2年或6万公里,环保标准：国IV(国V)，国V，国IV，欧IV，国VI，欧III,5,6
2024年4月,中型车,Giulia朱丽叶,33.60-98.58万,6.90万,227681,4.24分,0,质保：三年不限公里,环保标准：国VI，国V,6,6
2024年4月,中型车,蔚揽,26.48-33.88万,6.90万,64149,4.49分,0,质保：三年或10万公里，3年或10万公里,环保标准：欧VI，国VI,5,8
2024年4月,中型车,帕萨特新能源,23.32-24.21万,6.56万,,4.7分,0,质保：待查,环保标准：国VI，国V,2,8
2024年4月,中型车,迈锐宝XL,17.59-21.99万,6.50万,238321,4.5分,0,质保：三年或10万公里,环保标准：国V，国VI,4,6
2024年4月,中型车,宝马4系,37.39-57.69万,6.42万,164948,4.45分,0,质保：三年或10万公里,环保标准：国V，国VI,5,8
2024年4月,中型车,沃尔沃V60,30.43-39.58万,5.60万,18200,4.51分,0,质保：三年不限公里，两年或10万公里,环保标准：国V，国VI，国IV(国V),4,8
2024年4月,中型车,英仕派,17.99-25.59万,5.40万,,4.43分,0,质保：三年或10万公里,环保标准：国V，国VI,3,2
2024年4月,中型车,迈腾,18.69-30.99万,5.20万,915541,4.34分,0,质保：两年或6万公里，三年或10万公里，两年或4万公里,环保标准：国IV+OBD，国V，国VI，国IV(国V)，欧IV,5,10
2024年4月,中型车,雅阁,16.98-25.98万,5.00万,1205840,4.41分,0,质保：三年或10万公里，3年或10万公里，2年或6万公里,环保标准：欧III，国VI，国IV(国V)，欧IV，国V,4,2
2024年4月,中型车,凯迪拉克CT4,21.97-25.97万,5.00万,,4.62分,0,质保：三年不限公里,环保标准：国VI,4,8
2024年4月,中型车,英仕派新能源,22.98-25.88万,4.90万,,,0,质保：三年或10万公里,环保标准：国VI,0,2
2024年4月,中型车,北京EU7,15.99-17.59万,4.90万,,4.77分,0,质保：暂无数据,环保标准：暂无数据,0,-1
2024年4月,中型车,Arteon,34.80万,4.72万,167125,,0,质保：三年或10万公里,环保标准：国VI,0,8
2024年4月,中型车,丰田bZ3,16.98-19.98万,4.60万,,,0,质保：暂无数据,环保标准：暂无数据,0,-1
2024年4月,中型车,速派,17.49-19.49万,4.40万,1102815,4.61分,0,质保：三年或10万公里,环保标准：国VI，国V+OBD，国IV(国V),4,8
2024年4月,中型车,亚洲龙,19.98-27.98万,4.30万,,4.79分,0,质保：四年或10万公里,环保标准：国VI，国V,4,2
2024年4月,中型车,天籁,17.98-23.98万,4.10万,339202,4.64分,0,质保：三年或10万公里，两年或6万公里，2年或6万公里,环保标准：欧IV+OBD，国VI，欧IV，国V，国IV(国V)，欧III，国V(国VI),6,6
2024年4月,中型车,林肯Z,23.58-36.58万,3.90万,,4.8分,0,质保：五年或14万公里,环保标准：国VI,0,8
2024年4月,中型车,红旗H5,15.98-22.58万,3.90万,,,0,质保：四年或10万公里,环保标准：国VI,0,8
2024年4月,中型车,雅阁新能源,22.58-25.88万,3.90万,,,0,质保：三年或10万公里,环保标准：国VI,0,2
2024年4月,中型车,凯美瑞,17.18-26.98万,3.60万,483081,4.64分,0,质保：两年或5万公里，三年或10万公里,环保标准：欧IV，国VI，国IV(国V)，国V,5,6
2024年4月,中型车,名图新能源,17.88-20.38万,3.50万,,,0,质保：暂无数据,环保标准：暂无数据,0,-1
2024年4月,中型车,标致508,15.97-22.47万,3.40万,128974,4.73分,0,质保：两年或6万公里，三年或10万公里,环保标准：国IV(国V)，国VI，国V，国IV,5,6
2024年4月,中型车,欧拉闪电猫,18.98-26.98万,3.00万,,,0,质保：暂无数据,环保标准：暂无数据,0,-1
2024年4月,中型车,名图,13.38-16.88万,3.00万,432692,3.49分,0,质保：五年或10万公里，可选:三年或15万公里/五年或10万公里/七年或7万公里,环保标准：国V，国IV(国V)，国VI,5,2
2024年4月,中型车,索纳塔,13.98-19.38万,3.00万,,4.7分,0,质保：可选:三年或15万公里/五年或10万公里/七年或7万公里，两年或6万公里，2年或6万公里,环保标准：国VI，国III，欧II，国IV，欧III,4,2
2024年4月,中型车,红旗H6,19.28-23.98万,2.90万,,,0,质保：四年或10万公里,环保标准：国VI,0,8
2024年4月,中型车,北京U7,8.79-12.29万,2.90万,,4.57分,0,质保：五年或10万公里,环保标准：国VI，国V,4,2
2024年4月,中型车,起亚K5,16.28-20.68万,2.80万,282737,4.7分,0,质保：五年或10万公里，待查,环保标准：国VI，国IV(国V)，国V，国IV,5,2
2024年4月,中型车,博瑞,13.18-14.38万,2.70万,589957,4.72分,0,质保：四年或10万公里,环保标准：国V，国VI,5,6
2024年4月,中型车,传祺GA6,16.88万,1.24万,165961,4.68分,0,质保：三年或10万公里,环保标准：国VI，国V,4,2
2024年4月,中型车,奔腾B70,10.59-14.49万,1.20万,45471,4.71分,0,质保：三年或10万公里，三年或6万公里,环保标准：国IV(国V)，国IV，欧IV，国VI，国V,5,6
2024年4月,中型车,蒙迪欧,14.98-21.98万,1.20万,931932,4.37分,0,质保：两年或4万公里，三年或10万公里，2年或4万公里,环保标准：欧III，国IV(国V)，国VI，国V，国IV,5,2
2024年4月,中型车,奔驰C级新能源,40.88-41.06万,0.41万,,,0,质保：三年不限公里,环保标准：国VI，欧V,3,8
2024年4月,中大型车,奥迪RS e-tron GT,124.78万,50.90万,,,0,质保：暂无数据,环保标准：暂无数据,0,-1
2024年4月,中大型车,宝马M5,145.39万,26.07万,32953,,0,质保：三年或10万公里，两年不限公里,环保标准：欧V，欧IV，国VI,6,8
2024年4月,中大型车,奥迪RS 6,145.38万,21.81万,31809,,0,质保：三年或10万公里,环保标准：国V，国VI,6,11
2024年4月,中大型车,奔驰E级AMG,96.16-146.88万,20.90万,5290,,0,质保：三年不限公里，两年不限公里,环保标准：欧VI，国VI，欧IV,5,11
2024年4月,中大型车,Ghibli,79.58-94.88万,19.90万,175253,3.9分,0,质保：三年不限公里,环保标准：国V，国VI，欧V,5,8
2024年4月,中大型车,捷豹XFL,39.98-49.78万,19.38万,344703,4.56分,0,质保：三年或10万公里,环保标准：国VI，欧V，国V,5,8
2024年4月,中大型车,Taycan,89.80-199.80万,18.28万,,,0,质保：暂无数据,环保标准：暂无数据,0,-1
2024年4月,中大型车,奔驰EQE,47.80-53.43万,18.02万,,,0,质保：暂无数据,环保标准：暂无数据,0,-1
2024年4月,中大型车,奔驰EQE AMG,86.20万,15.90万,,,0,质保：暂无数据,环保标准：暂无数据,0,-1
2024年4月,中大型车,宝马6系GT,59.09-69.99万,15.50万,,4.51分,0,质保：三年或10万公里,环保标准：国VI，欧V,5,8
2024年4月,中大型车,奥迪A7,58.98-78.88万,14.81万,171845,4.59分,0,质保：三年或10万公里，两年不限公里,环保标准：国V，国VI，国IV，欧VI,5,8
2024年4月,中大型车,奥迪RS 7,146.88万,14.59万,76093,,0,质保：三年或10万公里,环保标准：欧V，国VI,6,11
2024年4月,中大型车,沃尔沃S90新能源,49.99-61.39万,14.40万,,4.81分,0,质保：三年不限公里,环保标准：国VI，国V,2,8
2024年4月,中大型车,奥迪A6L,42.79-65.68万,14.35万,725596,4.56分,0,质保：三年或10万公里，两年不限公里，2年或不限里程，2年或6万公里,环保标准：国V，欧IV，国VI，国IV(国V)，欧IV+OBD,5,9
2024年4月,中大型车,奔驰E级,44.01-59.98万,13.85万,537081,4.44分,0,质保：三年不限公里，2年或不限里程,环保标准：欧V，国VI，欧IV,5,8
2024年4月,中大型车,奔驰E级新能源,52.23万,13.58万,,,0,质保：三年不限公里,环保标准：国VI,2,8
2024年4月,中大型车,奥迪A6(进口),46.08-63.78万,13.29万,92311,4.48分,0,质保：三年或10万公里，2年或不限里程，两年或6万公里,环保标准：国V，国VI，欧IV，欧III，国IV(国V),5,10
2024年4月,中大型车,奥迪A6L新能源,50.80万,13.00万,,,0,质保：三年或10万公里,环保标准：国V，国VI,3,8
2024年4月,中大型车,奥迪S6,85.88万,12.77万,25848,,0,质保：三年或10万公里,环保标准：国VI，欧V,5,8
2024年4月,中大型车,宝马5系,43.65-56.25万,12.40万,1251864,4.47分,0,质保：三年或10万公里，两年不限公里，2年或不限里程,环保标准：国VI，国IV(国V)，欧IV，国V，欧III,4,8
2024年4月,中大型车,宝马5系新能源,50.95-54.65万,12.03万,,4.53分,0,质保：三年或10万公里,环保标准：国VI，国V，国IV(国V),2,8
2024年4月,中大型车,奔驰CLS,57.70-78.40万,11.90万,88419,4.16分,0,质保：三年不限公里，两年不限公里，2年或不限里程,环保标准：欧V，欧IV，国VI,5,8
2024年4月,中大型车,奔驰E级(进口),44.82-66.40万,11.90万,124556,4.42分,0,质保：三年不限公里，两年不限公里,环保标准：国VI，欧V，欧IV,4,8
2024年4月,中大型车,沃尔沃V90,39.18-49.28万,11.80万,13281,4.51分,0,质保：三年不限公里,环保标准：国VI，国V,5,8
2024年4月,中大型车,宝马5系(进口),43.39-52.99万,10.50万,116655,4.49分,0,质保：三年或10万公里，2年或不限里程，五年或10万公里，两年不限公里，3年或10万公里,环保标准：国VI，国IV(国V)，国V，欧IV，欧V，国IV+OBD,4,8
2024年4月,中大型车,奥迪S7,103.28-108.08万,10.23万,30648,,0,质保：三年或10万公里,环保标准：国VI，欧V,5,8
2024年4月,中大型车,沃尔沃S90,40.69-50.59万,10.00万,232979,4.65分,0,质保：三年不限公里,环保标准：国VI，国V,4,8
2024年4月,中大型车,奥迪e-tron GT,99.98万,10.00万,,,0,质保：暂无数据,环保标准：暂无数据,0,-1
2024年4月,中大型车,辉昂,34.30-44.90万,9.90万,345254,4.67分,0,质保：三年或10万公里,环保标准：国V，国VI,5,8
2024年4月,中大型车,红旗H9,30.98-86.00万,7.90万,,4.7分,0,质保：四年或10万公里,环保标准：国VI,5,8
2024年4月,中大型车,奥迪A7L,41.87-69.97万,7.90万,,,0,质保：三年或10万公里,环保标准：国VI,0,8
2024年4月,中大型车,哪吒S,15.48-34.18万,5.20万,,,0,质保：四年或12万公里,环保标准：国VI,0,2
2024年4月,中大型车,雷克萨斯ES,29.69-48.89万,4.90万,272782,4.57分,0,质保：四年或10万公里，六年或15万公里,环保标准：欧IV，国VI，国V,4,6
2024年4月,中大型车,凯迪拉克CT6,35.97-46.97万,4.50万,215178,4.67分,0,质保：三年不限公里,环保标准：国V，国VI,5,8
2024年4月,中大型车,皇冠(进口),29.90-42.90万,3.90万,19829,,0,质保：三年或10万公里,环保标准：国VI,0,8
2024年4月,中大型车,传祺GA8,15.68-22.68万,3.80万,185892,4.76分,0,质保：五年或15万公里，四年或10万公里,环保标准：国VI，国V,5,10
2024年4月,中大型车,极氪001,26.90-76.90万,3.60万,,4.7分,0,质保：暂无数据,环保标准：暂无数据,0,-1
2024年4月,中大型车,汉,16.98-29.98万,3.50万,,4.84分,0,质保：六年或15万公里,环保标准：国VI,2,2
2024年4月,中大型车,极狐 阿尔法S(ARCFOX αS),18.98-35.63万,3.40万,,4.8分,0,质保：暂无数据,环保标准：暂无数据,0,-1
2024年4月,中大型车,飞凡F7,18.99-30.99万,1.90万,,,0,质保：暂无数据,环保标准：暂无数据,0,-1
2024年4月,中大型车,红旗H7,25.28-28.88万,1.43万,153761,4.52分,0,质保：四年或10万公里,环保标准：国IV(国V)，国V，国VI,5,10
2024年4月,豪华车,奥迪A8,81.18-207.68万,52.68万,398382,4.59分,0,质保：三年或10万公里，两年或6万公里，两年不限公里，2年或6万公里,环保标准：国VI，欧IV，国IV(国V)，国IV，欧IV+OBD，国V,5,8
2024年4月,豪华车,奔驰S级,94.72-204.26万,49.90万,1573,4.46分,0,质保：2年或不限里程，三年不限公里，两年不限公里,环保标准：欧V，欧IV，国VI，国V,6,11
2024年4月,豪华车,总裁,141.75-171.08万,44.90万,191275,,0,质保：三年不限公里，两年不限公里，4年或5万公里，3年或不限里程,环保标准：国VI，国V，欧IV，欧III,6,8
2024年4月,豪华车,宝马i7,94.90-189.90万,37.80万,,,0,质保：暂无数据,环保标准：暂无数据,0,-1
2024年4月,豪华车,宝马7系,91.90-139.80万,29.90万,475160,4.56分,0,质保：三年或10万公里，两年不限公里,环保标准：国VI，欧IV，欧VI，欧IV+OBD，欧V，欧III,5,10
2024年4月,豪华车,奔驰EQS,88.10-133.90万,29.50万,,,0,质保：暂无数据,环保标准：暂无数据,0,-1
2024年4月,豪华车,宝马8系,97.80-336.60万,26.48万,5307,,0,质保：三年或10万公里,环保标准：国VI,5,8
2024年4月,豪华车,Panamera,99.80-247.60万,22.18万,452983,4.4分,0,质保：三年或10万公里，3年或不限里程，2年或不限里程,环保标准：国VI，欧V，欧IV,5,8
2024年4月,豪华车,奥迪S8,207.68万,20.77万,49724,,0,质保：三年或10万公里，两年或6万公里，两年不限公里,环保标准：国VI，欧IV，欧V,6,8
2024年4月,豪华车,飞驰,273.80-377.40万,17.40万,78668,,0,质保：三年不限公里,环保标准：国VI，欧V，欧IV，欧VI,6,11
2024年4月,豪华车,飞驰插电混动,248.00-333.70万,15.40万,,,0,质保：三年不限公里,环保标准：国VI,0,12
2024年4月,豪华车,宝马M8,198.80-221.80万,10.90万,,,0,质保：三年或10万公里,环保标准：国VI,6,8
2024年4月,豪华车,迈巴赫S级,146.80-364.10万,10.14万,232351,4.53分,0,质保：三年不限公里,环保标准：欧V，国VI,6,8
2024年4月,豪华车,雷克萨斯LS,87.80-120.00万,9.90万,77558,4.6分,0,质保：六年或15万公里，四年或10万公里，两年或6万公里,环保标准：欧IV，国VI，国V，欧III,5,8
2024年4月,豪华车,奔驰S级新能源,126.77-130.83万,8.90万,,,0,质保：三年不限公里,环保标准：国VI，欧V,3,8
2024年4月,豪华车,Panamera新能源,119.30-250.10万,7.90万,,4.54分,0,质保：三年或10万公里,环保标准：国VI，欧V,3,8
2024年4月,豪华车,奔驰EQS AMG,156.60万,2.32万,,,0,质保：暂无数据,环保标准：暂无数据,0,-1
2024年4月,跑车,欧陆,292.50-414.20万,34.80万,125182,,0,质保：三年不限公里，2年或6万公里,环保标准：国VI，欧VI，欧V，欧IV,6,11
2024年4月,跑车,奥迪R8,232.38万,27.79万,90837,,0,质保：三年或10万公里，两年不限公里,环保标准：国V，国IV(国V)，国VI，欧IV,6,11
2024年4月,跑车,保时捷911,129.80-301.00万,26.99万,169956,4.47分,0,质保：三年或10万公里,环保标准：欧IV，欧V，国VI,6,8
2024年4月,跑车,AMG GT,99.28-229.88万,24.90万,79948,4.49分,0,质保：三年不限公里,环保标准：国VI，欧VI,6,8
2024年4月,跑车,Mustang,36.98-72.50万,11.00万,332187,4.52分,0,质保：三年或10万公里，两年不限公里，待查，3年或4万公里，两年或4万公里,环保标准：国V，欧V，国VI，欧II,5,11
2024年4月,跑车,雷克萨斯LC,115.50-133.60万,9.90万,71879,,0,质保：六年或15万公里,环保标准：国VI，国V,6,8
2024年4月,跑车,捷豹F-TYPE,66.90-69.90万,9.90万,112698,,0,质保：三年或10万公里,环保标准：国VI，欧V,5,8
2024年4月,跑车,SUPRA,49.90-62.90万,5.00万,,,0,质保：三年或10万公里,环保标准：国VI,0,8
2024年4月,跑车,斯巴鲁BRZ,30.88-34.08万,3.68万,69200,4.18分,0,质保：三年或10万公里,环保标准：国VI，国IV(国V)，国V,5,8
2024年4月,跑车,宝马M2,59.90万,2.90万,48827,4.29分,0,质保：三年或10万公里,环保标准：国V，国VI,5,8
2024年4月,跑车,保时捷718,56.50-157.80万,1.43万,294883,4.26分,0,质保：三年或10万公里,环保标准：欧V，国VI,5,8
2024年4月,跑车,哪吒GT,17.88-23.58万,1.04万,,,0,质保：暂无数据,环保标准：暂无数据,0,-1
2024年4月,跑车,丰田86,33.86-35.86万,0.50万,144988,,0,质保：三年或10万公里,环保标准：国IV(国V)，国VI，国V,5,8
2024年4月,小型SUV,丰田C-HR EV,22.58-24.98万,9.18万,,4.78分,0,质保：暂无数据,环保标准：暂无数据,0,-1
2024年4月,小型SUV,奥迪Q2L e-tron,24.38万,9.10万,,4.58分,0,质保：暂无数据,环保标准：暂无数据,0,-1
2024年4月,小型SUV,奥迪Q2L,22.28-26.10万,9.04万,,4.52分,0,质保：三年或10万公里,环保标准：国VI，国V,4,8
2024年4月,小型SUV,奕泽E进擎,22.58-25.38万,8.00万,,4.78分,0,质保：暂无数据,环保标准：暂无数据,0,-1
2024年4月,小型SUV,启辰T60EV,16.38-18.98万,6.90万,,4.81分,0,质保：暂无数据,环保标准：暂无数据,0,-1
2024年4月,小型SUV,本田e:NS1,17.50-21.80万,6.90万,,,0,质保：暂无数据,环保标准：暂无数据,0,-1
2024年4月,小型SUV,e:NP1 极湃1,17.50-21.80万,6.70万,,,0,质保：暂无数据,环保标准：暂无数据,0,-1
2024年4月,小型SUV,本田XR-V,11.99-15.29万,5.65万,1002781,4.11分,0,质保：三年或10万公里,环保标准：国V，国VI，国IV(国V),4,2
2024年4月,小型SUV,广汽本田VE-1,15.98-18.68万,4.90万,,,0,质保：暂无数据,环保标准：暂无数据,0,-1
2024年4月,小型SUV,探影,11.59-16.09万,4.80万,,4.48分,0,质保：三年或10万公里，五年或15万公里,环保标准：国VI,4,10
2024年4月,小型SUV,昂科拉,12.59-13.59万,4.20万,143958,4.68分,0,质保：三年或10万公里，3年或10万公里,环保标准：国V，国VI,4,2
2024年4月,小型SUV,途铠,11.59-16.19万,4.20万,,4.66分,0,质保：三年或10万公里,环保标准：国VI,4,6
2024年4月,小型SUV,奕泽IZOA,14.98-18.98万,3.90万,,4.78分,0,质保：三年或10万公里,环保标准：国VI，国V,4,2
2024年4月,小型SUV,雪铁龙C3-XR,11.39万,3.31万,184972,4.71分,0,质保：三年或10万公里,环保标准：国IV(国V)，国V，国IV/国V，国VI,4,5
2024年4月,小型SUV,创酷,10.99-12.89万,3.30万,112321,4.75分,0,质保：三年或10万公里，3年或10万公里,环保标准：国V，国VI,4,2
2024年4月,小型SUV,丰田C-HR,15.28-19.28万,3.20万,,4.69分,0,质保：三年或10万公里,环保标准：国V，国VI,4,2
2024年4月,小型SUV,启辰T60,8.68-11.28万,3.18万,,4.77分,0,质保：三年或10万公里,环保标准：国V，国VI,4,2
2024年4月,小型SUV,北京现代ix25,10.58-13.68万,3.00万,165362,4.57分,0,质保：三年或10万公里，五年或10万公里,环保标准：国VI，国IV(国V)，国V,4,2
2024年4月,小型SUV,缤智,11.99-13.99万,2.90万,530647,4.38分,0,质保：三年或10万公里,环保标准：国VI，国V，国IV(国V),4,2
2024年4月,小型SUV,北京EX3,11.99-16.39万,2.90万,,4.61分,0,质保：暂无数据,环保标准：暂无数据,0,-1
2024年4月,小型SUV,东风本田M-NV,14.98-15.98万,2.90万,,,0,质保：暂无数据,环保标准：暂无数据,0,-1
2024年4月,小型SUV,宝骏510,5.38-8.08万,2.58万,1808520,4.27分,0,质保：三年或6万公里,环保标准：国V，国VI,4,2
2024年4月,小型SUV,KX3傲跑,10.88-13.68万,2.58万,93402,4.74分,0,质保：三年或10万公里,环保标准：国V，国IV(国V)，国VI,4,2
2024年4月,小型SUV,吉利ICON,10.99-12.99万,2.10万,,4.82分,0,质保：四年或10万公里,环保标准：国VI,4,2
2024年4月,小型SUV,马自达CX-30,12.99-19.99万,1.90万,,4.81分,0,质保：三年或10万公里,环保标准：国VI,4,6
2024年4月,小型SUV,马自达CX-30 EV,15.98-20.18万,1.90万,,,0,质保：暂无数据,环保标准：暂无数据,0,-1
2024年4月,小型SUV,长安CS15,6.19-7.69万,1.90万,309329,4.69分,0,质保：三年或10万公里,环保标准：国VI，国V,4,2
2024年4月,小型SUV,微蓝7,19.78-21.78万,1.80万,,4.85分,0,质保：暂无数据,环保标准：暂无数据,0,-1
2024年4月,小型SUV,长安CS35PLUS,7.19-9.99万,1.50万,,4.39分,0,质保：三年或10万公里,环保标准：国VI，国V,4,2
2024年4月,小型SUV,名爵ZS,8.58-9.98万,1.43万,570042,4.73分,0,质保：三年或10万公里,环保标准：国VI，国V,4,2
2024年4月,小型SUV,领克06,11.86-13.98万,1.43万,,4.69分,0,质保：四年或10万公里,环保标准：国VI,4,2
2024年4月,小型SUV,哪吒V,7.39-10.38万,1.43万,,4.72分,0,质保：暂无数据,环保标准：暂无数据,0,-1
2024年4月,小型SUV,瑞虎5x,6.99-10.19万,1.14万,,4.51分,0,质保：三年或10万公里,环保标准：国VI，国V,4,2
2024年4月,小型SUV,启辰e30,7.24-8.54万,1.01万,,,0,质保：暂无数据,环保标准：暂无数据,0,-1
2024年4月,小型SUV,标致2008,9.97万,1.00万,66003,4.75分,0,质保：三年或10万公里,环保标准：国V，国VI，国IV(国V),4,2
2024年4月,小型SUV,哪吒AYA,7.38-8.88万,0.95万,,,0,质保：暂无数据,环保标准：暂无数据,0,-1
2024年4月,小型SUV,纳米BOX,4.87-7.57万,0.95万,,,0,质保：暂无数据,环保标准：暂无数据,0,-1
2024年4月,小型SUV,212,9.28-10.59万,0.95万,78215,,0,质保：三年或6万公里，两年或5万公里,环保标准：国V，国VI，国IV，国IV+OBD,6,0
2024年4月,小型SUV,悦虎,5.68-8.58万,0.95万,,,0,质保：暂无数据,环保标准：暂无数据,0,-1
2024年4月,小型SUV,奕跑,6.98-8.38万,0.81万,,4.4分,0,质保：三年或10万公里,环保标准：国VI，国V,4,2
2024年4月,小型SUV,缤越,7.58-10.38万,0.80万,,4.45分,0,质保：四年或10万公里,环保标准：国VI，国V,4,2
2024年4月,小型SUV,荣威RX3,7.58-9.68万,0.80万,,4.7分,0,质保：三年或10万公里,环保标准：国VI，国V,4,2
2024年4月,小型SUV,传祺GS3,8.58-11.18万,0.80万,,4.63分,0,质保：三年或10万公里,环保标准：国VI，国V,4,2
2024年4月,小型SUV,五菱星驰,5.68-8.68万,0.76万,,,0,质保：三年或10万公里,环保标准：国VI,0,2
2024年4月,小型SUV,元Pro,9.58-11.38万,0.76万,,4.73分,0,质保：暂无数据,环保标准：暂无数据,0,-1
2024年4月,小型SUV,劲客,8.98-10.38万,0.50万,969208,4.64分,0,质保：三年或10万公里,环保标准：国VI，国V,4,2
2024年4月,小型SUV,宝骏悦也,7.98-9.08万,0.30万,,,0,质保：暂无数据,环保标准：暂无数据,0,-1
2024年4月,小型SUV,北京X3,5.99-8.79万,0.28万,,4.61分,0,质保：五年或10万公里,环保标准：国V，国VI,4,2
2024年4月,小型SUV,瑞虎3x,4.99-8.49万,0.20万,174926,3.86分,0,质保：三年或10万公里,环保标准：国VI，国V,4,2
2024年4月,小型SUV,吉利几何E萤火虫,5.98-8.98万,0.10万,,4.76分,0,质保：暂无数据,环保标准：暂无数据,0,-1
2024年4月,紧凑型SUV,奔驰EQB,35.20-42.80万,15.33万,,,0,质保：暂无数据,环保标准：暂无数据,0,-1
2024年4月,紧凑型SUV,奔驰EQA,32.20万,12.83万,,,0,质保：暂无数据,环保标准：暂无数据,0,-1
2024年4月,紧凑型SUV,奥迪Q3 Sportback,28.93-36.53万,12.68万,,4.62分,0,质保：三年或10万公里,环保标准：国VI,4,8
2024年4月,紧凑型SUV,奔驰GLA,28.78-34.48万,11.78万,505380,,0,质保：三年不限公里,环保标准：国V，国VI,4,8
2024年4月,紧凑型SUV,奔驰GLB AMG,44.98-46.37万,11.46万,,,0,质保：三年不限公里,环保标准：国VI,5,8
2024年4月,紧凑型SUV,奔驰GLB,31.19-36.79万,10.90万,,4.6分,0,质保：三年不限公里,环保标准：国VI,4,8
2024年4月,紧凑型SUV,奥迪Q3,27.88-33.59万,10.90万,530456,,0,质保：三年或10万公里,环保标准：国VI，国V，国IV(国V),5,8
2024年4月,紧凑型SUV,宝马X1,28.89-34.99万,10.05万,787160,,0,质保：三年或10万公里，两年不限公里,环保标准：国IV(国V)，国VI，欧IV，国V,5,8
2024年4月,紧凑型SUV,雷克萨斯UX新能源,36.20-38.50万,10.00万,,,0,质保：暂无数据,环保标准：暂无数据,0,-1
2024年4月,紧凑型SUV,奔驰GLA AMG,43.98-44.50万,9.98万,25612,,0,质保：三年或10万公里,环保标准：欧V，国VI，国V,5,8
2024年4月,紧凑型SUV,奥迪Q4 e-tron,28.99-36.71万,9.81万,,,0,质保：暂无数据,环保标准：暂无数据,0,-1
2024年4月,紧凑型SUV,宝马iX1,29.99-33.99万,9.29万,,,0,质保：暂无数据,环保标准：暂无数据,0,-1
2024年4月,紧凑型SUV,皓影新能源,22.59-29.98万,8.70万,,,0,质保：三年或10万公里,环保标准：国VI,2,2
2024年4月,紧凑型SUV,SWM斯威G01,8.99-26.98万,7.90万,,4.79分,0,质保：三年或6万公里,环保标准：国VI，国V,5,2
2024年4月,紧凑型SUV,捷豹E-PACE,26.38-32.10万,7.90万,,,0,质保：三年或10万公里,环保标准：国V，国VI,5,8
2024年4月,紧凑型SUV,ID.4 X,19.59-28.34万,7.90万,,4.74分,0,质保：暂无数据,环保标准：暂无数据,0,-1
2024年4月,紧凑型SUV,本田SUV e：Prototype,21.80万,6.90万,,,0,质保：暂无数据,环保标准：暂无数据,0,-1
2024年4月,紧凑型SUV,ID.4 CROZZ,19.39-29.39万,6.75万,,,0,质保：暂无数据,环保标准：暂无数据,0,-1
2024年4月,紧凑型SUV,途岳,15.86-21.66万,6.00万,,,0,质保：三年或10万公里,环保标准：国VI，国V,4,8
2024年4月,紧凑型SUV,起亚KX5,16.28-19.18万,6.00万,108094,4.7分,0,质保：五年或10万公里,环保标准：国IV(国V)，国VI,5,2
2024年4月,紧凑型SUV,吉利几何C,14.37-20.78万,5.90万,,4.8分,0,质保：暂无数据,环保标准：暂无数据,0,-1
2024年4月,紧凑型SUV,雷克萨斯UX,26.78-33.98万,5.90万,,,0,质保：六年或15万公里，四年或10万公里,环保标准：国VI，国V，国V(国VI),4,2
2024年4月,紧凑型SUV,沃尔沃XC40,26.98-35.48万,5.48万,,4.71分,0,质保：三年不限公里，3年或不限里程，三年或不限公里,环保标准：国VI,5,8
2024年4月,紧凑型SUV,拿铁DHT-PHEV,22.90-26.30万,5.40万,,,0,质保：五年或15万公里,环保标准：国VI,0,2
2024年4月,紧凑型SUV,ZR-V 致在,15.99-22.89万,5.40万,,,0,质保：三年或10万公里,环保标准：国VI,0,2
2024年4月,紧凑型SUV,瑞虎7,7.49-14.99万,5.03万,1071046,,0,质保：三年或10万公里,环保标准：国VI，国V,4,2
2024年4月,紧凑型SUV,欧蓝德,14.68-22.98万,5.00万,645098,4.62分,0,质保：五年或10万公里,环保标准：国V，国VI,5,2
2024年4月,紧凑型SUV,狮铂拓界,17.98-23.78万,4.95万,,,0,质保：暂无数据,环保标准：国VI,0,2
2024年4月,紧凑型SUV,皓影,18.59-26.39万,4.90万,,4.62分,0,质保：三年或10万公里,环保标准：国VI,4,2
2024年4月,紧凑型SUV,创界,13.99-17.99万,4.90万,,4.8分,0,质保：三年或10万公里,环保标准：国VI,4,2
2024年4月,紧凑型SUV,北京EX5,16.99-19.99万,4.90万,,,0,质保：暂无数据,环保标准：暂无数据,0,-1
2024年4月,紧凑型SUV,传祺GS4 COUPE,13.68-14.68万,4.80万,,4.76分,0,质保：三年或10万公里,环保标准：国VI,4,2
2024年4月,紧凑型SUV,星途追风,10.99-16.99万,4.70万,,4.7分,0,质保：三年或10万公里,环保标准：国VI,4,6
2024年4月,紧凑型SUV,T-ROC探歌,15.89-17.99万,4.70万,,,0,质保：三年或10万公里,环保标准：国VI，国V,4,8
2024年4月,紧凑型SUV,昂科拉GX,15.59-18.59万,4.70万,,4.76分,0,质保：三年或10万公里,环保标准：国VI,4,2
2024年4月,紧凑型SUV,昂扬,15.29-17.89万,4.51万,,,0,质保：暂无数据,环保标准：国VI,0,2
2024年4月,紧凑型SUV,奇骏・荣耀,18.93-19.28万,4.50万,,,0,质保：三年或10万公里,环保标准：国VI,4,2
2024年4月,紧凑型SUV,奇骏,17.99-26.29万,4.50万,643322,4.64分,0,质保：三年或10万公里，两年或6万公里,环保标准：国V，国VI，欧IV+OBD，国IV(国V),5,2
2024年4月,紧凑型SUV,哪吒U,11.88-18.58万,4.50万,,4.83分,0,质保：暂无数据,环保标准：暂无数据,0,-1
2024年4月,紧凑型SUV,RAV4荣放,17.68-26.38万,4.40万,440592,,0,质保：三年或10万公里,环保标准：欧IV，国VI，国IV(国V)，国V,5,10
2024年4月,紧凑型SUV,凯迪拉克GT4,21.97-30.97万,4.40万,,,0,质保：三年不限公里,环保标准：国VI,0,6
2024年4月,紧凑型SUV,MINI COUNTRYMAN,24.98-35.76万,4.25万,31349,4.65分,0,质保：三年或10万公里,环保标准：国V，国VI，欧V，欧IV,5,8
2024年4月,紧凑型SUV,本田HR-V,15.99-22.89万,4.10万,,,0,质保：暂无数据,环保标准：国VI,0,2
2024年4月,紧凑型SUV,本田CR-V,18.59-26.39万,4.10万,1293667,,0,质保：三年或10万公里，两年或6万公里，2年或6万公里,环保标准：国V，国VI，国II，国IV(国V)，欧IV,4,2
2024年4月,紧凑型SUV,吉利几何M6,14.98-18.98万,4.00万,,,0,质保：暂无数据,环保标准：暂无数据,0,-1
2024年4月,紧凑型SUV,领界,10.98-16.48万,4.00万,,4.64分,0,质保：三年或10万公里,环保标准：国VI，国V,4,2
2024年4月,紧凑型SUV,RAV4荣放双擎E+,24.88-29.68万,4.00万,,,0,质保：三年或10万公里,环保标准：国VI,2,2
2024年4月,紧凑型SUV,领界EV,17.98-19.28万,3.90万,,4.62分,0,质保：暂无数据,环保标准：暂无数据,0,-1
2024年4月,紧凑型SUV,柯珞克,14.99-15.89万,3.90万,,,0,质保：三年或10万公里,环保标准：国VI，国V,4,8
2024年4月,紧凑型SUV,本田CR-V新能源,22.59-26.99万,3.90万,,,0,质保：三年或10万公里,环保标准：国VI,2,2
2024年4月,紧凑型SUV,星迈罗,13.99-16.49万,3.86万,,,0,质保：三年或10万公里,环保标准：国VI,0,2
2024年4月,紧凑型SUV,途胜,16.18-22.58万,3.80万,336750,4.71分,0,质保：两年或6万公里，五年或10万公里，2年或6万公里，三年或10万公里，可选:三年或15万公里/五年或10万公里/七年或7万公里,环保标准：国III，国VI，国IV(国V)，国V，国IV,6,2
2024年4月,紧凑型SUV,威兰达新能源,26.68-30.08万,3.60万,,,0,质保：三年或10万公里,环保标准：国VI,2,2
2024年4月,紧凑型SUV,威兰达,17.38-26.48万,3.60万,,4.79分,0,质保：三年或10万公里,环保标准：国VI,4,2
2024年4月,紧凑型SUV,拿铁DHT,17.98-18.98万,3.50万,,4.73分,0,质保：五年或15万公里,环保标准：国VI,4,2
2024年4月,紧凑型SUV,锐际,16.98-22.18万,3.50万,,4.69分,0,质保：三年或10万公里,环保标准：国VI,5,2
2024年4月,紧凑型SUV,传祺GS4新能源,16.38-19.38万,3.23万,,,0,质保：三年或10万公里,环保标准：国VI，国V,2,2
2024年4月,紧凑型SUV,北京现代ix35,12.98-15.58万,3.00万,165658,,0,质保：五年或10万公里，三年或10万公里，两年或6万公里,环保标准：国IV+OBD，国V，国VI,5,2
2024年4月,紧凑型SUV,凯迪拉克XT4,22.97-28.67万,3.00万,,4.64分,0,质保：三年不限公里,环保标准：国VI,5,10
2024年4月,紧凑型SUV,长安CS75,10.29-11.99万,3.00万,1291316,4.66分,0,质保：三年或10万公里，三年或6万公里,环保标准：国V，国IV，国VI,5,2
2024年4月,紧凑型SUV,锐际新能源,21.00万,3.00万,,,0,质保：三年或10万公里,环保标准：国VI,2,2
2024年4月,紧凑型SUV,赛图斯,10.99-15.99万,2.96万,,,0,质保：暂无数据,环保标准：国VI,0,2
2024年4月,紧凑型SUV,欧尚Z6新能源,15.58-17.58万,2.90万,,,0,质保：三年或12万公里,环保标准：国VI,1,2
2024年4月,紧凑型SUV,思皓QX,10.19-19.69万,2.90万,,4.61分,0,质保：三年或10万公里,环保标准：国VI,4,2
2024年4月,紧凑型SUV,领克01,15.58-20.68万,2.90万,394969,4.64分,0,质保：四年或10万公里，不限年限或不限里程,环保标准：国VI，国V,5,10
2024年4月,紧凑型SUV,欧萌达,7.99-11.49万,2.80万,,,0,质保：三年或10万公里,环保标准：国VI,0,2
2024年4月,紧凑型SUV,智跑,13.98-15.78万,2.69万,171127,,0,质保：五年或10万公里，三年或5万公里,环保标准：国IV(国V)，国VI，国IV，国V,5,2
2024年4月,紧凑型SUV,卡罗拉锐放,12.98-18.48万,2.60万,,4.71分,0,质保：三年或10万公里,环保标准：国VI,4,2
2024年4月,紧凑型SUV,瑞虎7 PLUS新能源,12.99-16.69万,2.50万,,,0,质保：三年或10万公里,环保标准：国VI,0,2
2024年4月,紧凑型SUV,昂科拉PLUS,12.69-13.69万,2.50万,,,0,质保：三年或10万公里,环保标准：国VI,0,2
2024年4月,紧凑型SUV,荣威RX5 MAX,12.98-16.58万,2.50万,,4.74分,0,质保：三年或10万公里,环保标准：国VI,4,2
2024年4月,紧凑型SUV,红旗HS3,14.58-19.58万,2.50万,,,0,质保：暂无数据,环保标准：国VI,0,8
2024年4月,紧凑型SUV,北京X5,7.99-10.99万,2.50万,,,0,质保：五年或10万公里,环保标准：国V，国VI,5,2
2024年4月,紧凑型SUV,旭豹,19.98-23.08万,2.40万,,,0,质保：暂无数据,环保标准：国VI,0,2
2024年4月,紧凑型SUV,冒险家,23.58-34.58万,2.40万,,4.69分,0,质保：五年或14万公里,环保标准：国VI,5,6
2024年4月,紧凑型SUV,锋兰达,12.58-18.48万,2.40万,,4.78分,0,质保：三年或10万公里,环保标准：国VI,4,2
2024年4月,紧凑型SUV,SWM斯威G01FF,9.59-12.98万,2.40万,,,0,质保：暂无数据,环保标准：国VI,5,2
2024年4月,紧凑型SUV,森林人,22.38-28.38万,2.40万,97195,,0,质保：三年或10万公里，两年或6万公里,环保标准：国IV(国V)，欧IV，国VI，国V，欧III,5,7
2024年4月,紧凑型SUV,马自达CX-5,12.58-21.08万,2.30万,330597,4.76分,0,质保：三年或10万公里,环保标准：国VI，国V，国IV(国V),5,2
2024年4月,紧凑型SUV,影酷,11.98-16.98万,2.10万,,,0,质保：三年或10万公里,环保标准：国VI,0,6
2024年4月,紧凑型SUV,哈弗H6新能源,15.98-17.38万,2.00万,,,0,质保：六年或15万公里,环保标准：国VI,0,2
2024年4月,紧凑型SUV,哈弗H6,9.89-15.70万,2.00万,2119201,,0,质保：五年或10万公里，三年或10万公里，三年或6万公里，5年或10万公里,环保标准：国IV(国V)，国VI，国V，国IV，国IV/国V，国IV+OBD,6,3
2024年4月,紧凑型SUV,劲炫ASX,9.98-13.98万,2.00万,510930,,0,质保：五年或10万公里,环保标准：国V，国IV(国V)，国VI,4,2
2024年4月,紧凑型SUV,逍客,12.59-17.49万,2.00万,619457,,0,质保：两年或6万公里，三年或10万公里,环保标准：欧IV+OBD，国VI，国V，国IV(国V)，欧IV,5,2
2024年4月,紧凑型SUV,长安欧尚X7 PLUS,7.99-13.39万,1.90万,,4.74分,0,质保：三年或10万公里,环保标准：国VI,4,2
2024年4月,紧凑型SUV,荣威RX5新能源,14.79-16.28万,1.90万,96155,4.77分,0,质保：三年或10万公里，五年或10万公里,环保标准：国V，国VI,2,2
2024年4月,紧凑型SUV,长安CS75 PLUS,11.79-15.49万,1.90万,,4.7分,0,质保：三年或10万公里,环保标准：国VI,4,2
2024年4月,紧凑型SUV,星途追风PHEV,13.98-16.28万,1.90万,,4.82分,0,质保：三年或10万公里,环保标准：国VI,2,2
2024年4月,紧凑型SUV,思皓X6,7.99-11.89万,1.90万,,,0,质保：三年或10万公里,环保标准：国VI,0,2
2024年4月,紧凑型SUV,北京BJ30,10.58-12.58万,1.90万,,,0,质保：三年或10万公里,环保标准：国VI,5,2
2024年4月,中型SUV,宝马X3 M,90.99万,25.30万,,,0,质保：三年或10万公里,环保标准：国VI,6,8
2024年4月,中型SUV,奔驰EQC,49.19-57.19万,23.41万,,4.37分,0,质保：暂无数据,环保标准：暂无数据,0,-1
2024年4月,中型SUV,宝马X4 M,93.99万,23.40万,,,0,质保：三年或10万公里,环保标准：国VI,6,8
2024年4月,中型SUV,奥迪SQ5 Sportback,63.88万,19.03万,,,0,质保：三年或10万公里,环保标准：国VI,5,8
2024年4月,中型SUV,宝马X4,46.69-66.69万,18.50万,110780,4.34分,0,质保：三年或10万公里,环保标准：欧V，国VI,5,8
2024年4月,中型SUV,发现运动版,35.98-44.66万,17.26万,,4.64分,0,质保：三年或10万公里,环保标准：国VI,5,8
2024年4月,中型SUV,揽胜极光新能源,41.58-42.98万,16.38万,,,0,质保：三年或10万公里,环保标准：国VI,2,8
2024年4月,中型SUV,揽胜极光,38.98-47.58万,16.12万,360600,4.42分,0,质保：三年或10万公里,环保标准：国V，国VI，欧V,5,8
2024年4月,中型SUV,揽胜星脉,56.80-78.80万,16.11万,127931,4.47分,0,质保：三年或10万公里,环保标准：国VI，国V，国V(国VI),5,8
2024年4月,中型SUV,奥迪Q5L Sportback,43.08-49.99万,15.96万,,,0,质保：三年或10万公里,环保标准：国VI,5,8
2024年4月,中型SUV,宝马X3(进口),63.69万,15.12万,344514,,0,质保：两年不限公里，三年或10万公里,环保标准：欧IV，欧VI，国VI，欧III,5,8
2024年4月,中型SUV,捷豹F-PACE,47.20-66.80万,14.90万,266380,4.4分,0,质保：三年或10万公里,环保标准：国V，国VI,5,8
2024年4月,中型SUV,奔驰GLC AMG,66.67-118.08万,14.25万,3961,4.36分,0,质保：三年不限公里,环保标准：欧VI，国VI,5,8
2024年4月,中型SUV,发现运动版新能源,40.98万,13.88万,,,0,质保：三年或10万公里,环保标准：国VI,2,8
2024年4月,中型SUV,沃尔沃XC60新能源,52.39-60.39万,13.40万,,,0,质保：三年不限公里,环保标准：国VI，国V,3,8
2024年4月,中型SUV,宝马iX3,40.50-44.50万,13.40万,,4.78分,0,质保：暂无数据,环保标准：暂无数据,0,-1
2024年4月,中型SUV,奥迪Q5L,39.68-48.90万,13.10万,,4.44分,0,质保：三年或10万公里,环保标准：国VI，国V,5,8
2024年4月,中型SUV,奔驰GLC轿跑 AMG,68.68-118.08万,12.62万,,,0,质保：三年不限公里,环保标准：国VI,6,8
2024年4月,中型SUV,宝马X3,39.96-48.69万,11.90万,,4.5分,0,质保：三年或10万公里,环保标准：国VI，国V,5,8
2024年4月,中型SUV,奥迪SQ5,59.88万,11.88万,34234,,0,质保：三年或10万公里,环保标准：国IV(国V)，国VI,5,8
2024年4月,中型SUV,英菲尼迪QX50,33.38-46.98万,10.00万,98175,4.72分,0,质保：四年或10万公里,环保标准：国VI，欧V,5,8
2024年4月,中型SUV,Grecale格雷嘉,65.08-101.88万,9.90万,,,0,质保：暂无数据,环保标准：国VI,0,8
2024年4月,中型SUV,凯迪拉克XT5,35.27-45.27万,9.87万,376626,4.66分,0,质保：三年不限公里,环保标准：国V，国VI,5,8
2024年4月,中型SUV,奔驰GLC,42.78-53.13万,9.56万,466456,4.34分,0,质保：三年不限公里,环保标准：国VI，欧V,5,8
2024年4月,中型SUV,沃尔沃XC60,37.79-47.49万,9.40万,220175,4.5分,0,质保：三年不限公里,环保标准：国VI，国V,5,8
2024年4月,中型SUV,奔驰GLC轿跑,47.20-57.20万,9.08万,135722,4.15分,0,质保：三年不限公里,环保标准：国VI，欧V,5,11
2024年4月,中型SUV,传祺GS8,18.68-26.98万,8.98万,692632,4.68分,0,质保：三年或10万公里，五年或15万公里,环保标准：国VI，国V,5,10
2024年4月,中型SUV,Macan,57.30-85.80万,8.43万,364458,4.29分,0,质保：三年或10万公里,环保标准：欧V，国VI,6,8
2024年4月,中型SUV,楼兰,23.88-28.38万,8.00万,260958,4.68分,0,质保：三年或10万公里，五年或20万公里，四年或10万公里,环保标准：国VI，国V，欧IV+OBD,5,6
2024年4月,中型SUV,英菲尼迪QX55,38.98-47.53万,7.90万,,,0,质保：四年或10万公里,环保标准：国VI,0,8
2024年4月,中型SUV,探岳GTE插电混动,24.29万,7.69万,,4.66分,0,质保：三年或10万公里,环保标准：国VI,2,8
2024年4月,中型SUV,奔腾E01,19.68-22.88万,7.60万,,,0,质保：暂无数据,环保标准：暂无数据,0,-1
2024年4月,中型SUV,一汽丰田bZ4X,19.98-28.48万,7.20万,,,0,质保：暂无数据,环保标准：暂无数据,0,-1
2024年4月,中型SUV,昂科威,20.99-30.99万,7.00万,799124,4.69分,0,质保：三年或10万公里,环保标准：国V，国VI,5,10
2024年4月,中型SUV,途观L新能源,26.11-27.20万,7.00万,,4.7分,0,质保：待查,环保标准：国VI，国V,2,8
2024年4月,中型SUV,途观X,24.08-27.08万,6.90万,,4.7分,0,质保：三年或10万公里,环保标准：国VI,5,8
2024年4月,中型SUV,牧马人,45.99-56.99万,6.90万,343492,4.65分,0,质保：三年或8万公里，3年或8万公里,环保标准：国VI，国IV，国V，国IV(国V)，欧IV，欧III,6,9
2024年4月,中型SUV,探岳X,23.29-26.29万,6.90万,,4.53分,0,质保：三年或10万公里,环保标准：国VI,5,8
2024年4月,中型SUV,途观L,18.68-26.08万,6.70万,1028423,4.59分,0,质保：三年或10万公里,环保标准：国V，国VI,5,8
2024年4月,中型SUV,探界者,18.49-23.99万,6.50万,1134527,4.52分,0,质保：三年或10万公里,环保标准：国V，国VI,5,6
2024年4月,中型SUV,途达,16.98-24.83万,6.00万,,4.68分,0,质保：三年或10万公里,环保标准：国V，国VI,5,2
2024年4月,中型SUV,探岳,20.49-25.99万,6.00万,,4.55分,0,质保：三年或10万公里,环保标准：国VI，国V,5,8
2024年4月,中型SUV,广汽丰田bZ4X,19.98-28.78万,5.90万,,4.69分,0,质保：暂无数据,环保标准：暂无数据,0,-1
2024年4月,中型SUV,雷克萨斯NX,29.80-54.88万,5.90万,166598,4.35分,0,质保：四年或10万公里，六年或15万公里,环保标准：国V，国VI,5,6
2024年4月,中型SUV,星途凌云,13.99-18.99万,5.89万,,4.76分,0,质保：三年或10万公里,环保标准：国VI,5,10
2024年4月,中型SUV,本田UR-V,24.68-32.98万,5.40万,638467,4.26分,0,质保：三年或10万公里,环保标准：国VI，国V,5,2
2024年4月,中型SUV,冠道,22.48-33.28万,5.20万,781728,4.52分,0,质保：三年或10万公里,环保标准：国VI，国V,5,2
2024年4月,中型SUV,瑞虎8 PLUS鲲鹏e+,15.58-17.18万,5.05万,,,0,质保：六年或15万公里,环保标准：国VI,2,2
2024年4月,中型SUV,柯迪亚克,19.19-24.39万,4.90万,,4.57分,0,质保：三年或10万公里,环保标准：国VI，国V,5,8
2024年4月,中型SUV,雷克萨斯NX新能源,42.88-50.98万,4.90万,,,0,质保：六年或15万公里,环保标准：国VI,0,8
2024年4月,中型SUV,胜达,20.28-27.28万,4.50万,272896,4.67分,0,质保：五年或10万公里，可选:三年或15万公里/五年或10万公里/七年或7万公里,环保标准：国IV(国V)，国VI，国V,5,2
2024年4月,中型SUV,威飒,21.68-30.38万,4.50万,,4.79分,0,质保：三年或10万公里,环保标准：国VI,4,2
2024年4月,中型SUV,凌放HARRIER,21.18-29.88万,4.40万,,4.81分,0,质保：三年或10万公里，四年或10万公里,环保标准：国VI,4,2
2024年4月,中型SUV,柯迪亚克GT,20.89-24.39万,4.40万,,4.64分,0,质保：三年或10万公里,环保标准：国V，国VI,4,8
2024年4月,中型SUV,启辰T90,11.88-15.48万,4.40万,438356,4.65分,0,质保：三年或10万公里,环保标准：国V，国VI,5,2
2024年4月,中型SUV,牧马人新能源,51.49-63.99万,4.40万,,4.73分,0,质保：三年或8万公里,环保标准：国VI,3,8
2024年4月,中型SUV,上汽大通MAXUS D60,11.58-15.98万,4.22万,,4.72分,0,质保：三年或6万公里,环保标准：国VI,5,2
2024年4月,中型SUV,福特电马,23.98-36.99万,4.00万,,4.79分,0,质保：暂无数据,环保标准：暂无数据,0,-1
2024年4月,中型SUV,EVOS,19.98-25.98万,4.00万,,4.76分,0,质保：三年或10万公里,环保标准：国VI,5,2
2024年4月,中型SUV,瑞虎8,9.58-16.29万,3.58万,,4.67分,0,质保：三年或10万公里,环保标准：国VI，国V,5,2
2024年4月,中型SUV,极狐 阿尔法T(ARCFOX αT),18.58-33.13万,3.40万,,4.79分,0,质保：暂无数据,环保标准：暂无数据,0,-1
2024年4月,中型SUV,红旗HS5,18.38-24.98万,3.40万,,4.66分,0,质保：四年或10万公里,环保标准：国VI,5,8
2024年4月,中型SUV,傲虎,29.98-33.08万,3.40万,42230,4.55分,0,质保：三年或10万公里，两年或6万公里，2年或6万公里,环保标准：欧IV，欧V，国VI,6,10
2024年4月,中型SUV,蓝电E5,9.98-15.39万,3.40万,,,0,质保：六年或15万公里,环保标准：国VI,0,2
2024年4月,中型SUV,汉兰达,26.88-34.88万,3.30万,990715,4.7分,0,质保：三年或10万公里,环保标准：国IV(国V)，国VI，国V，国IV,6,6
2024年4月,中型SUV,皇冠陆放,27.78-35.28万,3.30万,,4.81分,0,质保：三年或10万公里，四年或10万公里,环保标准：国VI,4,10
2024年4月,中型SUV,风光580,7.99-12.99万,2.90万,598869,4.43分,0,质保：七年或15万公里,环保标准：国V，国VI,5,2
2024年4月,中型SUV,风光ix5,9.98-16.59万,2.90万,,4.53分,0,质保：七年或15万公里,环保标准：国VI，国V,5,2
2024年4月,中型SUV,瑞虎8 PRO新能源,13.79-17.99万,2.40万,,,0,质保：三年或10万公里,环保标准：国VI,0,2
2024年4月,中型SUV,斯威大虎EDi,9.99-13.99万,2.40万,,4.81分,0,质保：三年或6万公里,环保标准：国VI,0,2
2024年4月,中型SUV,mu-X牧游侠,16.68-27.98万,2.28万,75150,4.56分,0,质保：三年或10万公里，三年或6万公里,环保标准：国V，国IV，国VI,5,0
2024年4月,中型SUV,思皓X7,13.48-17.98万,2.06万,,,0,质保：三年或10万公里,环保标准：国VI,5,2
2024年4月,中型SUV,撼路者,27.58-37.48万,2.00万,144522,4.7分,0,质保：三年或10万公里,环保标准：国VI，国V，国IV,6,3
2024年4月,中型SUV,SWM斯威G05,8.69-12.98万,1.90万,,4.78分,0,质保：三年或6万公里,环保标准：国VI,5,2
2024年4月,中型SUV,SWM斯威X7,6.39-10.79万,1.90万,137422,4.75分,0,质保：八年或16万公里,环保标准：国V，国VI,5,2
2024年4月,中型SUV,思皓X8,8.88-17.28万,1.90万,,4.67分,0,质保：三年或10万公里,环保标准：国VI,5,2
2024年4月,中型SUV,荣威RX9,17.58-24.38万,1.61万,,,0,质保：暂无数据,环保标准：国VI,0,2
2024年4月,中型SUV,捷途X70M,6.49-15.99万,1.43万,,4.63分,0,质保：十年或20万公里,环保标准：国VI,5,2
2024年4月,中型SUV,瑞虎8 PLUS,11.79-16.29万,1.43万,,4.61分,0,质保：三年或10万公里,环保标准：国VI,5,2
2024年4月,中型SUV,捷途X70,7.99-17.09万,1.43万,,4.59分,0,质保：十年或20万公里，不限年限/不限里程,环保标准：国VI，国V,5,2
2024年4月,中型SUV,长安UNI-K 智电iDD,18.79-21.59万,1.43万,,4.81分,0,质保：三年或12万公里,环保标准：国VI,1,2
2024年4月,中型SUV,捷达VS7,10.59-14.49万,1.43万,,4.72分,0,质保：三年或10万公里,环保标准：国VI,4,8
2024年4月,中型SUV,领睿,12.68-16.98万,1.43万,,4.79分,0,质保：三年或10万公里,环保标准：国VI,0,2
2024年4月,中型SUV,瑞虎8 PRO,12.69-17.49万,1.43万,,,0,质保：三年或10万公里,环保标准：国VI,0,2
2024年4月,中型SUV,捷途X70S,8.79-15.99万,1.43万,,4.74分,0,质保：十年或20万公里,环保标准：国VI，国V,5,2
2024年4月,中型SUV,Stelvio斯坦维,37.70-49.58万,1.43万,172922,4.34分,0,质保：三年不限公里,环保标准：国VI，国V,5,10
2024年4月,中型SUV,长安UNI-K,14.59-18.49万,1.43万,,4.64分,0,质保：三年或10万公里,环保标准：国VI,5,2
2024年4月,中型SUV,航海家,32.88-46.88万,1.33万,,4.67分,0,质保：五年或14万公里，七年或18万公里,环保标准：国VI,5,6
2024年4月,中型SUV,SWM斯威大虎,5.99-7.89万,1.33万,,,0,质保：暂无数据,环保标准：国VI,0,2
2024年4月,中型SUV,护卫舰07,20.28-31.98万,1.14万,,,0,质保：六年或15万公里,环保标准：国VI,0,2
2024年4月,中大型SUV,添越,269.90-411.20万,69.90万,79419,,0,质保：三年不限公里,环保标准：国VI，欧VI,6,11
2024年4月,中大型SUV,奥迪e-tron(进口),66.98-72.98万,32.84万,,4.65分,0,质保：暂无数据,环保标准：暂无数据,0,-1
2024年4月,中大型SUV,宝马iX,74.69-100.99万,30.31万,,,0,质保：暂无数据,环保标准：暂无数据,0,-1
2024年4月,中大型SUV,宝马X6 M,146.89万,26.99万,47714,,0,质保：三年或10万公里,环保标准：国VI，欧IV，欧V,6,8
2024年4月,中大型SUV,路虎卫士,68.80-171.60万,26.70万,7167,4.49分,0,质保：三年或10万公里,环保标准：国VI，欧III，欧IV,5,9
2024年4月,中大型SUV,奥迪e-tron,54.68-64.88万,25.95万,,4.81分,0,质保：暂无数据,环保标准：暂无数据,0,-1
2024年4月,中大型SUV,Levante,86.68-118.98万,23.89万,211750,4.39分,0,质保：三年不限公里,环保标准：国VI，国V,6,8
2024年4月,中大型SUV,奥迪Q8,78.28-114.68万,23.40万,15591,4.68分,0,质保：三年或10万公里,环保标准：国VI,5,8
2024年4月,中大型SUV,Cayenne,91.30-250.80万,22.92万,321724,4.51分,0,质保：三年或10万公里，2年或不限里程，3年或6万公里，三年不限公里，3年或不限里程,环保标准：国VI，欧V，欧IV，欧4，欧Ⅳ，国4,5,8
2024年4月,中大型SUV,宝马X5 M,143.89-144.89万,22.73万,33788,,0,质保：三年或10万公里,环保标准：欧IV，欧VI，国VI,6,8
2024年4月,中大型SUV,揽胜运动版,96.80-130.80万,21.80万,244091,4.68分,0,质保：三年或10万公里，3年或10万公里,环保标准：欧V，国VI，欧IV,6,9
2024年4月,中大型SUV,揽胜运动版新能源,135.80万,21.70万,,,0,质保：三年或10万公里,环保标准：国VI，欧V,3,8
2024年4月,中大型SUV,大切诺基(进口),52.99-71.49万,19.90万,182151,4.71分,0,质保：三年或8万公里，3年或8万公里,环保标准：国IV(国V)，欧IV，国IV，国VI，国V,6,3
2024年4月,中大型SUV,发现,65.88-89.88万,19.90万,146019,4.32分,0,质保：三年或10万公里,环保标准：欧VI，欧V，国VI，欧IV，国V，欧III,6,10
2024年4月,中大型SUV,宝马X6,79.99-97.59万,19.42万,240103,4.53分,0,质保：三年或10万公里，2年或不限里程，两年不限公里，3年或10万公里，两年或10万公里,环保标准：国IV(国V)，国V，欧IV，欧V，国VI，欧VI,6,9
2024年4月,中大型SUV,奔驰GLE轿跑,79.58-94.78万,19.15万,,,0,质保：三年不限公里,环保标准：国VI,0,8
2024年4月,中大型SUV,奔驰GLE轿跑 AMG,102.88-117.08万,19.06万,,,0,质保：三年不限公里,环保标准：国VI,5,8
2024年4月,中大型SUV,沃尔沃XC90新能源,89.49万,16.00万,,,0,质保：三年不限公里,环保标准：欧V，国VI，国V,3,8
2024年4月,中大型SUV,沃尔沃XC90,63.89-78.19万,16.00万,153703,4.68分,0,质保：三年不限公里，两年或10万公里，2年或10万公里,环保标准：国VI，国V，欧IV，国IV(国V)，欧V/国V，欧V,5,8
2024年4月,中大型SUV,奥迪Q7,63.28-80.48万,15.19万,284163,4.56分,0,质保：三年或10万公里，两年不限公里，2年或不限里程，两年或6万公里,环保标准：国V，国VI，国IV(国V)，欧V，欧IV，国IV，欧III,6,9
2024年4月,中大型SUV,途锐,53.38-79.38万,15.10万,305593,4.64分,0,质保：两年不限公里，三年或10万公里，4年或8万公里,环保标准：欧IV，国VI，国IV，欧V，国V,5,1
2024年4月,中大型SUV,添越插电混动,257.60-297.50万,14.90万,,,0,质保：三年不限公里,环保标准：国VI,0,8
2024年4月,中大型SUV,奔驰GLE轿跑新能源,82.08-84.60万,14.81万,,,0,质保：三年不限公里,环保标准：国VI,2,8
2024年4月,中大型SUV,奥迪RS Q8,146.88万,14.59万,,,0,质保：三年或10万公里,环保标准：国VI,6,12
2024年4月,中大型SUV,奔驰GLE AMG,102.38-162.68万,12.90万,26505,,0,质保：三年不限公里，3年或不限里程,环保标准：国VI，欧V,6,8
2024年4月,中大型SUV,奔驰GLE,69.98-91.78万,12.17万,230911,4.37分,0,质保：三年不限公里,环保标准：欧V，国VI，欧V/国V，欧IV,5,9
2024年4月,中大型SUV,途锐新能源,67.98万,10.90万,,,0,质保：三年或10万公里,环保标准：国VI,3,12
2024年4月,中大型SUV,英菲尼迪QX60,37.88-61.98万,10.00万,,4.8分,0,质保：四年或10万公里,环保标准：国VI,0,8
2024年4月,中大型SUV,奔驰G级AMG,254.70-292.00万,9.90万,157320,3.83分,0,质保：三年不限公里，两年不限公里,环保标准：欧V，国VI，欧IV,6,8
2024年4月,中大型SUV,奔驰GLE新能源,81.69-82.88万,9.90万,,,0,质保：三年不限公里,环保标准：国VI，欧V,2,8
2024年4月,中大型SUV,马自达CX-8,25.88-33.08万,9.16万,,4.8分,0,质保：五年或15万公里,环保标准：国VI,5,2
2024年4月,中大型SUV,ID.6 X,25.99-32.94万,8.55万,,4.73分,0,质保：暂无数据,环保标准：暂无数据,0,-1
2024年4月,中大型SUV,昂科旗,29.99-35.99万,8.40万,,4.8分,0,质保：三年或10万公里,环保标准：国VI,5,8
2024年4月,中大型SUV,途昂X,26.90-39.50万,8.30万,,4.71分,0,质保：三年或10万公里,环保标准：国VI,5,8
2024年4月,中大型SUV,凯迪拉克XT6,41.27-55.27万,8.00万,,4.67分,0,质保：三年不限公里,环保标准：国VI,5,8
2024年4月,中大型SUV,途昂,24.90-40.50万,7.80万,838804,4.65分,0,质保：三年或10万公里,环保标准：国VI，国V,5,8
2024年4月,中大型SUV,宝马X5,61.20-80.00万,7.10万,,4.63分,0,质保：三年或10万公里,环保标准：国VI,0,8
2024年4月,中大型SUV,飞凡R7,27.99-38.99万,6.90万,,,0,质保：暂无数据,环保标准：暂无数据,0,-1
2024年4月,中大型SUV,揽境,29.99-39.99万,6.90万,,4.68分,0,质保：三年或10万公里,环保标准：国VI,5,8
2024年4月,中大型SUV,揽巡,27.49-32.59万,6.90万,,,0,质保：三年或10万公里,环保标准：国VI,0,8
2024年4月,中大型SUV,ID.6 CROZZ,25.89-33.69万,6.60万,,4.67分,0,质保：暂无数据,环保标准：暂无数据,0,-1
2024年4月,中大型SUV,开拓者,19.49-32.99万,6.50万,,4.76分,0,质保：三年或10万公里,环保标准：国VI,5,8
2024年4月,中大型SUV,Cayenne新能源,87.80-199.80万,6.40万,,4.41分,0,质保：三年或10万公里,环保标准：国VI，欧V，国V,3,8
2024年4月,中大型SUV,奔驰G级,142.48-254.00万,5.90万,173547,,0,质保：三年不限公里，两年不限公里,环保标准：欧IV，欧VI，国VI，欧V,6,9
2024年4月,中大型SUV,雷克萨斯RX,40.50-80.10万,5.90万,,4.52分,0,质保：四年或10万公里，六年或15万公里,环保标准：国VI，国V,5,8
2024年4月,中大型SUV,奥迪Q6,46.76-63.06万,5.75万,,,0,质保：三年或10万公里,环保标准：国VI,0,8
2024年4月,中大型SUV,揽胜,142.80-335.80万,4.30万,340774,4.39分,0,质保：三年或10万公里，3年或10万公里，3年或6万公里，待查,环保标准：欧V，国VI，欧IV,6,9
2024年4月,中大型SUV,领克09新能源,28.99-36.29万,2.90万,,4.73分,0,质保：五年或10万公里，四年或10万公里,环保标准：国VI,0,8
2024年4月,中大型SUV,领克09,25.79-27.79万,2.70万,,4.66分,0,质保：五年或10万公里,环保标准：国VI,0,8
2024年4月,中大型SUV,奥迪Q5 e-tron,29.85-43.55万,2.70万,,,0,质保：暂无数据,环保标准：暂无数据,0,-1
2024年4月,中大型SUV,飞行家,50.08-76.38万,2.40万,,4.68分,0,质保：五年或14万公里,环保标准：国VI,5,2
2024年4月,中大型SUV,北京BJ80,29.49-39.80万,2.20万,225163,,0,质保：三年或6万公里,环保标准：国V，国VI，国IV,6,9
2024年4月,中大型SUV,奔腾T99,13.49-18.69万,2.20万,,4.75分,0,质保：三年或10万公里,环保标准：国VI,5,8
2024年4月,中大型SUV,领裕,17.38-22.18万,2.10万,,4.76分,0,质保：三年或10万公里,环保标准：国VI,5,2
2024年4月,中大型SUV,荣威RX8,16.88-22.88万,1.90万,,4.76分,0,质保：三年或10万公里,环保标准：国V，国VI,5,2
2024年4月,中大型SUV,IQ锐歌,29.77-41.97万,1.71万,,4.87分,0,质保：暂无数据,环保标准：暂无数据,0,-1
2024年4月,中大型SUV,路虎卫士新能源,81.80万,1.66万,,,0,质保：三年或10万公里,环保标准：国VI,3,8
2024年4月,中大型SUV,长安CS95,17.59-19.99万,1.24万,555349,4.71分,0,质保：三年或10万公里,环保标准：国VI，国V,5,2
2024年4月,中大型SUV,帕拉索,13.88-20.28万,0.95万,,,0,质保：三年或10万公里,环保标准：国VI,5,2
2024年4月,中大型SUV,红旗HS7,25.58-33.58万,0.95万,,4.66分,0,质保：四年或10万公里,环保标准：国VI,6,8
2024年4月,中大型SUV,蓝山DHT-PHEV,27.38-30.88万,0.85万,,,0,质保：五年或15万公里,环保标准：国VI,0,2
2024年4月,中大型SUV,腾势N8,31.98-32.68万,0.76万,,,0,质保：六年或15万公里,环保标准：国VI,0,2
2024年4月,中大型SUV,别克E5,16.99-27.89万,0.57万,,,0,质保：暂无数据,环保标准：暂无数据,0,-1
2024年4月,中大型SUV,哈弗H9,21.48-27.98万,0.50万,376147,4.6分,0,质保：三年或10万公里,环保标准：国V，国VI,6,9
2024年4月,中大型SUV,领地,19.98-27.98万,0.47万,,,0,质保：暂无数据,环保标准：国VI,0,0
2024年4月,中大型SUV,上汽大通MAXUS D90 Pro,17.98-30.98万,0.47万,,4.83分,0,质保：三年或10万公里,环保标准：国VI,5,3
2024年4月,中大型SUV,星途揽月,19.39-23.89万,0.38万,,4.66分,0,质保：五年或10万公里，三年或10万公里,环保标准：国VI,5,10
2024年4月,中大型SUV,域虎9多功能车,16.48-19.28万,0.28万,,,0,质保：三年或10万公里,环保标准：国VI,5,2
2024年4月,全尺寸SUV,宝马X7,103.90-172.90万,31.20万,27577,4.66分,0,质保：三年或10万公里,环保标准：国VI,5,8
2024年4月,全尺寸SUV,奔驰EQS SUV,91.05-110.05万,29.90万,,,0,质保：暂无数据,环保标准：暂无数据,0,-1
2024年4月,全尺寸SUV,北京BJ90,47.80-49.80万,14.84万,,,0,质保：待查,环保标准：国V，国VI,6,8
2024年4月,全尺寸SUV,奔驰GLS,109.38-139.70万,12.90万,186945,4.45分,0,质保：三年不限公里,环保标准：国VI，欧V,5,9
2024年4月,全尺寸SUV,宝马XM,146.80-280.00万,11.40万,,,0,质保：三年或10万公里,环保标准：国VI,0,8
2024年4月,全尺寸SUV,红旗E-HS9,50.98-77.98万,9.90万,,4.85分,0,质保：暂无数据,环保标准：暂无数据,0,-1
2024年4月,全尺寸SUV,迈巴赫GLS,183.30-312.10万,6.92万,,,0,质保：三年不限公里,环保标准：国VI,6,8
2024年4月,全尺寸SUV,途乐,79.80-83.80万,2.00万,233272,,0,质保：两年或6万公里，三年或10万公里，三年或6万公里，2年或6万公里,环保标准：欧III，国V，国VI，欧IV，国IV,6,6
2024年4月,全尺寸SUV,红旗LS7,136.58-146.58万,1.43万,,,0,质保：暂无数据,环保标准：国IV+OBD,0,2
2024年4月,MPV,奥德赛,23.58-43.98万,9.90万,338935,4.4分,0,质保：三年或10万公里，2年或6万公里,环保标准：国IV，国II，国IV(国V)，国VI，国V，欧IV,5,2
2024年4月,MPV,威然,28.98-40.28万,8.00万,,4.73分,0,质保：三年或10万公里,环保标准：国VI,5,8
2024年4月,MPV,途安,16.68-19.58万,6.00万,110153,4.57分,0,质保：三年或10万公里，两年或6万公里，2年或6万公里,环保标准：国V，国III，国IV(国V)，国VI,5,10
2024年4月,MPV,艾力绅,27.98-33.18万,5.40万,251794,4.54分,0,质保：三年或10万公里,环保标准：国VI，国IV(国V)，国V,5,2
2024年4月,MPV,上汽大通MAXUS 大家7,21.98-30.48万,4.00万,,,0,质保：暂无数据,环保标准：暂无数据,0,-1
2024年4月,MPV,奔腾NAT,14.78-16.48万,3.90万,,,0,质保：暂无数据,环保标准：暂无数据,0,-1
2024年4月,MPV,梦想家,33.99-68.99万,3.90万,,,0,质保：五年或10万公里,环保标准：国VI,0,8
2024年4月,MPV,宋MAX新能源,14.78-17.48万,2.90万,,4.88分,0,质保：六年或15万公里,环保标准：国VI，国V,2,2
2024年4月,MPV,格瑞维亚,29.98-41.68万,2.70万,,,0,质保：四年或10万公里,环保标准：国VI,0,2
2024年4月,MPV,比亚迪D1,16.08-16.98万,2.40万,,,0,质保：暂无数据,环保标准：暂无数据,0,-1
2024年4月,MPV,五菱凯捷,8.58-14.98万,2.40万,,4.75分,0,质保：三年或10万公里,环保标准：国VI,5,2
2024年4月,MPV,长安欧尚科尚EV,16.68万,2.40万,,,0,质保：暂无数据,环保标准：暂无数据,0,-1
2024年4月,MPV,锐胜王牌M7,5.98-15.68万,2.30万,,,0,质保：三年或6万公里,环保标准：国VI,5,2
2024年4月,MPV,奔腾M9,22.98-24.98万,2.18万,,,0,质保：三年或10万公里,环保标准：国VI,0,8
2024年4月,MPV,别克GL8,23.29-47.39万,2.10万,426894,4.69分,0,质保：三年或10万公里，2年或6万公里，两年或6万公里,环保标准：国IV(国V)，国VI，国V，欧III，国IV+OBD，国III+OBD,5,6
2024年4月,MPV,王牌M7新能源,13.48-18.18万,1.90万,,,0,质保：暂无数据,环保标准：暂无数据,0,-1
2024年4月,MPV,风光E380,12.91-16.91万,1.71万,,,0,质保：暂无数据,环保标准：暂无数据,0,-1
2024年4月,MPV,长安欧尚A600,5.29万,1.70万,309657,,0,质保：三年或10万公里，两年或5万公里,环保标准：国V，国IV(国V)，国VI,5,2
2024年4月,MPV,上汽大通MAXUS G50,8.68-14.98万,1.52万,,4.68分,0,质保：待查，三年或6万公里，五年或10万公里,环保标准：国VI，国V,5,2
2024年4月,MPV,上汽大通MAXUS 大家9,26.99-44.99万,1.52万,,,0,质保：暂无数据,环保标准：暂无数据,0,-1
2024年4月,MPV,远志M1,17.78-28.88万,1.43万,,,0,质保：暂无数据,环保标准：暂无数据,0,-1
2024年4月,MPV,五菱佳辰,6.88-11.58万,1.30万,,4.79分,0,质保：三年或10万公里,环保标准：国VI,0,2
2024年4月,MPV,瑞风M4,10.58-15.98万,1.14万,78109,4.66分,0,质保：五年或10万公里,环保标准：国V，国VI,6,3
2024年4月,MPV,五菱宏光PLUS,5.88-7.98万,1.11万,,4.77分,0,质保：三年或6万公里,环保标准：国VI,5,2
2024年4月,MPV,传祺M8,17.98-36.98万,1.00万,,4.58分,0,质保：三年或10万公里,环保标准：国VI，国V,5,10
2024年4月,MPV,途睿欧,21.96-26.00万,1.00万,81865,4.74分,0,质保：三年或6万公里,环保标准：国V，国VI,6,2
2024年4月,MPV,赛那SIENNA,29.98-41.18万,1.00万,,4.79分,0,质保：三年或10万公里,环保标准：国VI,4,2
2024年4月,MPV,长行,5.99万,0.99万,,,0,质保：两年或5万公里，三年或6万公里,环保标准：国VI，国V,5,2
2024年4月,MPV,风行游艇,11.99-15.69万,0.95万,,,0,质保：八年或16万公里,环保标准：国VI,0,2
2024年4月,MPV,瑞风M3,6.58-12.79万,0.95万,460830,4.58分,0,质保：三年或10万公里,环保标准：国V，国VI，国IV(国V),5,2
2024年4月,MPV,传祺M6,11.98-15.98万,0.90万,,4.64分,0,质保：三年或10万公里,环保标准：国VI，国V,5,2
2024年4月,MPV,风光380,5.28-6.08万,0.85万,,,0,质保：三年或6万公里,环保标准：国VI,4,2
2024年4月,MPV,五菱征程,6.98-9.08万,0.80万,,4.68分,0,质保：三年或6万公里,环保标准：国VI,5,2
2024年4月,MPV,上汽大通MAXUS 大家5,17.38-23.28万,0.76万,,,0,质保：三年或8万公里,环保标准：国VI,2,2
2024年4月,MPV,菱智,5.99-9.99万,0.76万,175452,4.67分,0,质保：五年或10万公里，两年或5万公里，两年或六万公里，2年或6万公里,环保标准：国V，国IV，欧III，国IV(国V)，国VI，国IV+OBD，国Ⅲ，国Ⅳ+OBD，欧Ⅲ,5,3
2024年4月,MPV,金海狮,6.09-10.59万,0.57万,,4.81分,0,质保：暂无数据,环保标准：国VI,5,2
2024年4月,MPV,金海狮M,4.99-5.99万,0.57万,,,0,质保：暂无数据,环保标准：国VI,4,2
2024年4月,MPV,五菱730,7.08-7.10万,0.55万,,,0,质保：三年或6万公里,环保标准：国VI,4,2
2024年4月,MPV,上汽大通MAXUS G90,19.99-32.99万,0.50万,,4.68分,0,质保：三年或10万公里,环保标准：国VI,5,2
2024年4月,MPV,菱智PLUS,9.99-15.19万,0.47万,,4.81分,0,质保：五年或10万公里,环保标准：国VI,5,2
2024年4月,MPV,风行M7,12.69-26.99万,0.47万,,,0,质保：五年或10万公里,环保标准：国V，国VI,5,2
2024年4月,MPV,上汽大通MAXUS G20,16.88-26.28万,0.47万,,4.7分,0,质保：三年或6万公里,环保标准：国VI，国V,5,0
2024年4月,MPV,上汽大通MAXUS G10,12.08-19.08万,0.47万,148115,4.65分,0,质保：三年或6万公里,环保标准：国V，国VI，国IV,6,3
2024年4月,MPV,世纪,46.99-68.99万,0.47万,,,0,质保：三年或10万公里,环保标准：国VI,0,8
2024年4月,MPV,菱智M5EV,13.99-19.69万,0.40万,,4.79分,0,质保：暂无数据,环保标准：暂无数据,0,-1
2024年4月,MPV,嘉华,28.99-34.09万,0.10万,368,4.9分,0,质保：三年或5万公里，五年或10万公里，3年或5万公里,环保标准：欧IV，国VI,5,2
2024年4月,MPV,瑞风L5,15.58-16.78万,0.10万,,,0,质保：三年或10万公里,环保标准：国VI,5,3
2024年4月,MPV,瑞风E3,17.48-20.88万,0.10万,,,0,质保：暂无数据,环保标准：暂无数据,0,-1
2024年4月,MPV,雷克萨斯LM,116.60-155.00万,0.07万,,,0,质保：六年或15万公里,环保标准：国VI,5,10
